﻿<?xml version="1.0" encoding="utf-8"?>
<pool enabled="True" source="The End is Nigh" author="" order="2">
  <tileset>
    <default>
		tile_graphics Tilefield
		overlay_graphics Overlaysfield
		background_graphics ch2bg
		foreground_graphics none
		fx_shader ripples
		fx_shader_mid heatwave2
		midfx_graphics SolidBox
		palette 2
		global_particle_1 leaves
		global_particle_2 none
		global_particle_3 cloudwind_light
		decoration_1 Decoration9
		music [newworld_intro.ogg, newworld_loop.ogg]
		ambience wind.ogg
	</default>
    <need>
		tile_particle_1 dust
	</need>
  </tileset>
  <level>
    <name>2-0</name>
  </level>
  <level>
    <name>2-1</name>
  </level>
  <level>
    <name>2-2</name>
  </level>
  <level>
    <name>2-3</name>
  </level>
  <level>
    <name>2-4</name>
  </level>
  <level>
    <name>2-5</name>
  </level>
  <level>
    <name>2-6</name>
  </level>
  <level>
    <name>2-7</name>
  </level>
  <level>
    <name>2-8</name>
  </level>
  <level>
    <name>2-9</name>
  </level>
  <level>
    <name>2-10</name>
  </level>
  <level>
    <name>2-11</name>
  </level>
  <level>
    <name>2-12</name>
  </level>
  <level>
    <name>2-13</name>
  </level>
  <level>
    <name>2-14</name>
  </level>
  <level>
    <name>2-15</name>
  </level>
  <level>
    <name>2-16</name>
  </level>
  <level>
    <name>2-17</name>
  </level>
  <level>
    <name>2-18</name>
  </level>
  <level>
    <name>2-19</name>
  </level>
</pool>