﻿<?xml version="1.0" encoding="utf-8"?>
<pool enabled="True" source="The End is Nigh" author="" order="11">
  <tileset>
    <default>
		tile_graphics Tilehell
		overlay_graphics Overlayshell
		background_graphics ch2bg
		foreground_graphics none
		palette 11 
		global_particle_1 fallout2
		global_particle_2 none
		global_particle_3 cloudwind_light
		ambience wind.ogg
	</default>
    <need>
		tile_particle_1 dust
	</need>
  </tileset>
  <level>
    <name>2d-0</name>
  </level>
  <level>
    <name>2d-1</name>
  </level>
  <level>
    <name>2d-2</name>
  </level>
  <level>
    <name>2d-3</name>
  </level>
  <level>
    <name>2d-4</name>
  </level>
  <level>
    <name>2d-5</name>
  </level>
  <level>
    <name>2d-6</name>
  </level>
  <level>
    <name>2d-7</name>
  </level>
  <level>
    <name>2d-8</name>
  </level>
  <level>
    <name>2d-9</name>
  </level>
  <level>
    <name>2d-10</name>
  </level>
  <level>
    <name>2d-11</name>
  </level>
  <level>
    <name>2d-12</name>
  </level>
  <level>
    <name>2d-14</name>
  </level>
  <level>
    <name>2d-15</name>
  </level>
  <level>
    <name>2d-16</name>
  </level>
  <level>
    <name>2d-17</name>
  </level>
  <level>
    <name>2d-18</name>
  </level>
  <level>
    <name>2d-19</name>
  </level>
</pool>