﻿<?xml version="1.0" encoding="utf-8"?>
<pool enabled="True" source="The End is Nigh" author="" order="9">
  <tileset>
    <default>
		tile_graphics Tilehell
		overlay_graphics Overlayshell
		background_graphics hellbg
		foreground_graphics None
		fx_shader lavaripples
		fx_shader_mid heatwave
		midfx_graphics SolidBox
		palette 10
		global_particle_1 embers
		global_particle_2 none
		global_particle_3 none
		music [hell_intro.ogg, hell_loop.ogg]
		ambience volcano.ogg
	</default>
    <need>
		tile_particle_1 spark
		tile_particle_2 spark
		tile_particle_3 drip 
	</need>
  </tileset>
  <level>
    <name>5c-2</name>
  </level>
  <level>
    <name>5c-3</name>
  </level>
  <level>
    <name>5c-4</name>
  </level>
  <level>
    <name>5c-5</name>
  </level>
  <level>
    <name>5c-6</name>
  </level>
  <level>
    <name>5c-7</name>
  </level>
  <level>
    <name>5c-8</name>
  </level>
  <level>
    <name>5c-9</name>
  </level>
  <level>
    <name>5c-10</name>
  </level>
  <level>
    <name>5c-11</name>
  </level>
  <level>
    <name>5c-12</name>
  </level>
  <level>
    <name>5c-13</name>
  </level>
  <level>
    <name>5c-14</name>
  </level>
  <level>
    <name>5c-15</name>
  </level>
  <level>
    <name>5c-16</name>
  </level>
  <level>
    <name>5c-17</name>
  </level>
  <level>
    <name>5c-18</name>
  </level>
  <level>
    <name>5c-19</name>
  </level>
  <level>
    <name>5c-20</name>
  </level>
  <level>
    <name>5c-21</name>
  </level>
</pool>