﻿<?xml version="1.0" encoding="utf-8"?>
<pool enabled="True" source="The End is Nigh" author="" order="7">
  <tileset>
    <default>
		tile_graphics Tilecomplex
		overlay_graphics Overlayscomplex
		background_graphics field2bg
		foreground_graphics None
		fx_shader gravripples
		palette 9
		global_particle_1 rocks
		global_particle_3 none
		music [bumblebee_intro.ogg, bumblebee_loop.ogg]
		ambience labloop.ogg
	</default>
    <need>
		tile_particle_1 spark2
		tile_particle_2 smoke
		tile_graphics Tilecomplex
	</need>
  </tileset>
  <level>
    <name>5b-1</name>
    <tileset>
      <need>
		fx_shader_mid cloudripples
		midfx_layer 2
		midfx_graphics None
	  </need>
    </tileset>
  </level>
  <level>
    <name>5b-2</name>
    <tileset>
      <need>
		fx_shader_mid cloudripples
		midfx_layer 2
		midfx_graphics None
	  </need>
    </tileset>
  </level>
  <level>
    <name>5b-3</name>
  </level>
  <level>
    <name>5b-4</name>
  </level>
  <level>
    <name>5b-5</name>
  </level>
  <level>
    <name>5b-6</name>
  </level>
  <level>
    <name>5b-7</name>
    <tileset>
      <need>
		fx_shader_mid cloudripples
		midfx_layer 2
		midfx_graphics None
	  </need>
    </tileset>
  </level>
  <level>
    <name>5b-8</name>
    <tileset>
      <need>
		fx_shader_mid cloudripples
		midfx_layer 2
		midfx_graphics None
	  </need>
    </tileset>
  </level>
  <level>
    <name>5b-9</name>
    <tileset>
      <need>
		fx_shader_mid cloudripples
		midfx_layer 2
		midfx_graphics None
	  </need>
    </tileset>
  </level>
  <level>
    <name>5b-10</name>
    <tileset>
      <need>
		fx_shader_mid cloudripples
		midfx_layer 2
		midfx_graphics None
	  </need>
    </tileset>
  </level>
  <level>
    <name>5b-11</name>
  </level>
  <level>
    <name>5b-12</name>
  </level>
  <level>
    <name>5b-13</name>
  </level>
  <level>
    <name>5b-15</name>
  </level>
  <level>
    <name>5b-16</name>
  </level>
  <level>
    <name>5b-17</name>
  </level>
  <level>
    <name>5b-18</name>
  </level>
  <level>
    <name>5b-19</name>
  </level>
  <level>
    <name>5b-20</name>
  </level>
  <level>
    <name>5b-21</name>
  </level>
  <level>
    <name>5b-22</name>
  </level>
</pool>