﻿<?xml version="1.0" encoding="utf-8"?>
<pool enabled="True" source="The End is Nigh" author="" order="6">
  <tileset>
    <default>
		tile_graphics Tilefield
		overlay_graphics Overlaysfield
		background_graphics field2bg
		foreground_graphics None
		fx_shader reflectionripples
		fx_shader_mid radiation
		midfx_graphics SolidBox
		palette 5
		midfx_layer 2
		global_particle_1 rocks
		global_particle_2 none
		global_particle_3 none
		music [fields_intro.ogg, fields_loop.ogg]
		ambience flesh.ogg
	</default>
    <need>
		decoration_1 inst11
	</need>
    <art>[AimSpitter,eyeshooter][Bullet,eyebullet][MiniFrog, MiniFlea]</art>
  </tileset>
  <level>
    <name>4b-1</name>
  </level>
  <level>
    <name>4b-2</name>
  </level>
  <level>
    <name>4b-3</name>
  </level>
  <level>
    <name>4b-4</name>
  </level>
  <level>
    <name>4b-5</name>
  </level>
  <level>
    <name>4b-6</name>
  </level>
  <level>
    <name>4b-7</name>
  </level>
  <level>
    <name>4b-8</name>
  </level>
  <level>
    <name>4b-9</name>
  </level>
  <level>
    <name>4b-10</name>
  </level>
  <level>
    <name>4b-11</name>
  </level>
  <level>
    <name>4b-12</name>
  </level>
  <level>
    <name>4b-13</name>
  </level>
  <level>
    <name>4b-14</name>
  </level>
  <level>
    <name>4b-15</name>
  </level>
</pool>