﻿<?xml version="1.0" encoding="utf-8"?>
<pool enabled="True" source="The End is Nigh" author="" order="10">
  <tileset>
    <default>
		tile_graphics Tilecity
		overlay_graphics Overlayscity
		background_graphics bg2
		foreground_graphics fg1
		fx_shader distortionparticles
		palette 10
		music [danse_intro_dark.ogg, danse_loop_dark.ogg]
		ambience volcano.ogg
		global_particle_1 embers
		global_particle_2 none
		global_particle_3 cloudwind2
	</default>
    <need>
		tile_particle_1 drip
	</need>
  </tileset>
  <level name="1d-2" reverse="False" secret="False" />
  <level name="1d-3" reverse="False" secret="False" />
  <level name="1d-4" reverse="False" secret="False" />
  <level name="1d-5" reverse="False" secret="False" />
  <level name="1d-6" reverse="False" secret="False" />
  <level name="1d-7" reverse="False" secret="False" />
  <level name="1d-8" reverse="False" secret="False" />
  <level name="1d-9" reverse="False" secret="False" />
  <level name="1d-10" reverse="False" secret="False" />
  <level name="1d-11" reverse="False" secret="False" />
  <level name="1d-12" reverse="False" secret="False" />
  <level name="1d-13" reverse="False" secret="False" />
  <level name="1d-14" reverse="False" secret="False" />
  <level name="1d-15" reverse="False" secret="False" />
  <level name="1d-16" reverse="False" secret="False" />
  <level name="1d-17" reverse="False" secret="False" />
  <level name="1d-18" reverse="False" secret="False" />
  <level name="1d-19" reverse="False" secret="False" />
  <level name="1d-20" reverse="False" secret="False" />
</pool>