﻿<?xml version="1.0" encoding="utf-8"?>
<pool enabled="True" source="The End is Nigh" author="" order="5">
  <tileset>
    <default>
		tile_graphics Tileairship
		overlay_graphics Overlaysairship
		background_graphics airshipbg
		foreground_graphics None
		fx_shader reflectionripples
		palette 8
		music [slave_intro.ogg, slave_loop.ogg]
		ambience caves.ogg
		do_wobble true
		global_particle_1 none
		global_particle_2 none
		global_particle_3 none
	</default>
    <need>
		tile_particle_1 smoke
		tile_particle_2 smoke2
		decoration_1 Deco10
		decoration_2 Deco11
		decoration_3 none
	</need>
  </tileset>
  <level name="5a-1" reverse="False" secret="False" />
  <level name="5a-2" reverse="False" secret="False" />
  <level name="5a-3" reverse="False" secret="False">
    <tileset>
      <default>
		global_particle_1 cloudwind_heavy
	  </default>
    </tileset>
  </level>
  <level name="5a-4" reverse="False" secret="False" />
  <level name="5a-5" reverse="False" secret="False">
    <tileset>
      <default>
		global_particle_1 cloudwind_heavy
	  </default>
    </tileset>
  </level>
  <level name="5a-6" reverse="False" secret="False">
    <tileset>
      <default>
		global_particle_1 cloudwind_heavy
	  </default>
    </tileset>
  </level>
  <level name="5a-7" reverse="False" secret="False" />
  <level name="5a-8" reverse="False" secret="False" />
  <level name="5a-9" reverse="False" secret="False" />
  <level name="5a-10" reverse="False" secret="False" />
  <level name="5a-11" reverse="False" secret="False" />
  <level name="5a-12" reverse="False" secret="False">
    <tileset>
      <default>
		global_particle_1 cloudwind_heavy
	  </default>
    </tileset>
  </level>
  <level name="5a-13" reverse="False" secret="False">
    <tileset>
      <default>
		global_particle_1 cloudwind_heavy
	  </default>
    </tileset>
  </level>
  <level name="5a-14" reverse="False" secret="False" />
  <level name="5a-15" reverse="False" secret="False">
    <tileset>
      <default>
		global_particle_1 cloudwind_heavy
	  </default>
    </tileset>
  </level>
  <level name="5a-16" reverse="False" secret="False" />
  <level name="5a-17" reverse="False" secret="False" />
  <level name="5a-18" reverse="False" secret="False" />
  <level name="5a-19" reverse="False" secret="False">
    <tileset>
      <default>
		global_particle_1 cloudwind_heavy
	  </default>
    </tileset>
  </level>
  <level name="5a-21" reverse="False" secret="False">
    <tileset>
      <default>
		global_particle_1 cloudwind_heavy
	  </default>
    </tileset>
  </level>
</pool>