<root>
  <safe>
    <Player>
	  Player
	  PlayerRetro
	</Player>
	<Frog>
	  Frog
	  Frogretro
	</Frog>
	<Floater>
	  Floater
	  Floater2
	  Floaterretro
	  FloaterGlitch
	  Ghost
	  RetroGhost
	</Floater>
	<Slug>
	  Slug
	  Slugretro
	</Slug>
	<SkullFloater>
	  SkullFloater
	  SkullFloaterretro
	</SkullFloater>
	<Gasser>
	  Gasser
	  Gasserretro
	</Gasser>
	<Splatter>
	  Splatter
	  Splatterretro
	</Splatter>
	<CheepCheep>
	  CheepCheep
	  cheepretro
	</CheepCheep>
	<Bullet>
	  Bullet
	  bulletretro
	  eyebullet
	</Bullet>
	<SpitterX>
	  SpitterX
	  SpitterXretro
	</SpitterX>
	<SpitterY>
	  SpitterY
	  SpitterYretro
	</SpitterY>
	<AimSpitter>
	  AimSpitter
	  AimSpitter2
	  eyeshooter
	  SpitterZretro
	</AimSpitter>
	<Cannonball>
	  Cannonball
	  cannonballretro
	</Cannonball>
	<Fireball>
	  Fireball
	  cannonballfireretro
	</Fireball>
	<Hopper>
	  Hopper
	  hopperretro
	</Hopper>
	<SkullSlug>
	  SkullSlug
	  SkullSlugretro
	</SkullSlug>
	<SkullCrow>
	  SkullCrow
	  SkullCrowretro
	</SkullCrow>
	<ChainChomp>
	  ChainChomp
	  ChainChompretro
	</ChainChomp>
	<Mask>
	  Mask
	  Maskretro
	</Mask>
	<Revolver>
	  Revolver
	  Revolverretro
	</Revolver>
	<GasCloud>
	  GasCloud
	  GasCloudretro
	</GasCloud>
	<Cannon>
	  Cannon
	  Cannonretro
	</Cannon>
	<Cannonstand>
	  Cannonstand
	  Cannonstandretro
	</Cannonstand>
	<Bouncer>
	  Bouncer
	  Bouncerretro
	</Bouncer>
	<ElectroBall>
	  ElectroBall
	  RetroElectroBall
	</ElectroBall>
	<OrbSmall>
	  OrbSmall
	  RetroOrbSmall
	  orbblob
	  OrbBlob2
	</OrbSmall>
	<OrbLarge>
	  OrbLarge
	  OrbLarge2
	  RetroOrbLarge
	  pacman
	</OrbLarge>
	<Fish>
	  Fish
	  Fish2
	  RetroFish
	</Fish>
	<ChargeSlug>
	  ChargeSlug
	  RetroChargerSlug
	</ChargeSlug>
	<ChainHitch>
	  ChainHitch
	  ChainHitchRetro
	</ChainHitch>
	<ThwampEye>
	  ThwampEye
	  ThwampEyeRetro
	</ThwampEye>
	<MiniFrog>
	  MiniFrog
	  MiniFrogWhite
	  MiniFlea
	</MiniFrog>
	<MiniFly>
	  MiniFly
	  MiniWisp
	</MiniFly>
	<MiniRat>
	  MiniRat
	  MiniRatWhite
	</MiniRat>
	<MiniFish>
	  MiniFish
	  MiniFishWhite
	</MiniFish>
  </safe>
  <extended>
    <Player>
	  Player
	  PlayerRetro
	</Player>
	<Frog>
	  Frog
	  Frogretro
	</Frog>
	<Floater>
	  Fireball
	  cannonballfireretro
	  Ghost
	  Sentry
	  ChainChomp
	  Floater
	  Floater2
	  Floaterretro
	  FloaterGlitch
	  Ghost
	  RetroGhost
	  cannonballfireretro
	  Fireball
	  Bouncer
	  Bouncerretro
	  cartend
	  TheHead
	  TheHeart
	</Floater>
	<Fireball>
	  Frog
	  Fireball
	  cannonballfireretro
	  Ghost
	  Sentry
	  ChainChomp
	  Floater
	  Floater2
	  Floaterretro
	  FloaterGlitch
	  Ghost
	  RetroGhost
	  cannonballfireretro
	  Fireball
	  Bouncer
	  Bouncerretro
	  cartend
	  TheHead
	  TheHeart
	</Fireball>
	<Slug>
	  Slug
	  Slugretro
	  Splatter
	  Revolverretro
	</Slug>
	<SkullFloater>
	  SkullFloater
	  SkullFloaterretro
	  SkullCrow
	  SkullCrowretro
	</SkullFloater>
	<Gasser>
	  Gasser
	  Gasserretro
	</Gasser>
	<Splatter>
	  Frog
	  Splatter
	  Splatterretro
	</Splatter>
	<CheepCheep>
	  CheepCheep
	  cheepretro
	</CheepCheep>
	<Bullet>
	  Bullet
	  bulletretro
	  eyebullet
	  Fish
	  RetroFish
	</Bullet>
	<SpitterX>
	  SpitterX
	  SpitterXretro
	</SpitterX>
	<SpitterY>
	  SpitterY
	  SpitterYretro
	</SpitterY>
	<AimSpitter>
	  AimSpitter
	  AimSpitter2
	  eyeshooter
	  SpitterZretro
	</AimSpitter>
	<Cannonball>
	  Cannonball
	  cannonballretro
	  CheepCheep
	</Cannonball>
	<Hopper>
	  Hopper
	  hopperretro
	</Hopper>
	<SkullSlug>
	  SkullSlug
	  SkullSlugretro
	</SkullSlug>
	<SkullCrow>
	  SkullCrow
	  SkullCrowretro
	</SkullCrow>
	<ChainChomp>
	  ChainChomp
	  ChainChompretro
	  Mask
	  Maskretro
	</ChainChomp>
	<Mask>
	  Mask
	  Maskretro
	</Mask>
	<Revolver>
	  Revolver
	  Revolverretro
	  Floater
	  Fireball
	</Revolver>
	<GasCloud>
	  GasCloud
	  GasCloudretro
	</GasCloud>
	<Cannon>
	  Cannon
	  Cannonretro
	</Cannon>
	<Cannonstand>
	  Cannonstand
	  Cannonstandretro
	</Cannonstand>
	<Bouncer>
	  Bouncer
	  Bouncerretro
	  Fireball
	  cannonballfireretro
	  Ghost
	  Sentry
	  ChainChomp
	  Floater
	  Floater2
	  Floaterretro
	  FloaterGlitch
	  Ghost
	  RetroGhost
	  cannonballfireretro
	  Fireball
	  Bouncer
	  Bouncerretro
	  cartend
	</Bouncer>
	<ElectroBall>
	  ElectroBall
	  RetroElectroBall
	</ElectroBall>
	<OrbSmall>
	  OrbSmall
		OrbChomp
	  RetroOrbSmall
	  orbblob
	  OrbBlob2
		MovingOrbBlob
	</OrbSmall>
	<OrbLarge>
	  OrbLarge
	  OrbLarge2
	  RetroOrbLarge
	  pacman
	</OrbLarge>
	<OrbChomp>
		OrbChomp
		OrbSmall
	  RetroOrbSmall
	  orbblob
	  OrbBlob2
		MovingOrbBlob
	</OrbChomp>
	<Fish>
	  Fish
	  Fish2
	  RetroFish
	</Fish>
	<ChargeSlug>
	  ChargeSlug
	  RetroChargerSlug
	</ChargeSlug>
	<ChainHitch>
	  ChainHitch
	  ChainHitchRetro
	</ChainHitch>
	<ThwampEye>
	  ThwampEye
	  ThwampEyeRetro
	</ThwampEye>
	<MiniFrog>
	  MiniFrog
	  MiniFrogWhite
	  MiniFlea
	</MiniFrog>
	<MiniFly>
	  MiniFly
	  MiniWisp
	  MiniDrone
	  NPCG3
	  NPCD6
	  Coin
	  MiniGhost
	  CreepEye
	  eyebullet
	  MiniFish
	  MiniFishWhite
	  ThwampGear
	  ThwampEye
	</MiniFly>
	<MiniRat>
	  MiniRat
	  MiniRatWhite
	</MiniRat>
	<MiniFish>
	  MiniFish
	  MiniFishWhite
	  NPCG3
	  MiniGhost
	</MiniFish>
	<MiniWorm>
	  MiniWorm
	  MiniGhost
	  NPCG3
	  NPCB2
	  NPCG3
	  NPCD6
	  NPCB7
	</MiniWorm>
  </extended>
  <crazy>
	<kuko>
		Life
		BigLife
		Cartridge
		cart2
		cart3
		Key
		Hopper
		ChainHitch
		DeathGhost
		TheHead
		TheHeart
		GlowShroom
		Floater
		Cannon
		Cannonstand
		Cannonball
		Fireball
		ThwampGear
		CheepCheep
		Frog
		SkullCrow
		SkullFloater
		SkullFloaterBreaky
		SkullSlug
		Bouncer
		Splatter
		ChainChomp
		Mask
		EscapeEnd
		Ghost
    </kuko>
	<orb>
		FloatingMine
		MovingOrbBlob
		orbblob
		OrbBlob2
		OrbSmall
		OrbChomp
		Mask
	</orb>
	<fireballs>
		Fireball
		Floater
		Cannonball
		CheepCheep
		Ghost
	</fireballs>
	<orblarge>
		OrbLarge
		OrbLarge2
		ElectroBall
	</orblarge>
	<skulls>
		CheepCheep
		Frog
		SkullCrow
		SkullFloater
		SkullFloaterBreaky
		SkullSlug
	</skulls>
	<bullet>
		Bullet
		eyebullet
		CreepEye
		Fish
		Fish2
	</bullet>
	<revolver>
		Revolver
		Floater
	</revolver>
	<mini>
		MiniDrone
		MiniBird
		MiniFly
		MiniFish
		MiniFishWhite
		MiniFlea
		MiniFrog
		MiniFrogWhite
		MiniGhost
		MiniWisp
		MiniRat
		MiniRatWhite
		MiniWorm
	</mini>
	<shooters>
		AimSpitter
		AimSpitter2
		eyeshooter
		Sentry
		SpitterX
		SpitterY
	</shooters>
  </crazy>
  <insane>
	Player
	Life
	BigLife
	CartConsole
	Cartridge
	cart2
	cart3
	Key
	Hopper
	ChainHitch
	FloatingMine
	Jar
	OutWarp
	Gate1
	Gate2
	Gate3
	Gate4
	DeathGhost
	TheHead
	TheBody
	TheHeart
	Stand
	FinalSteve
	GlowShroom
	GlowShroomSmall
	MovingOrbBlob
	orbblob
	OrbBlob2
	OrbSmall
	OrbLarge
	OrbLarge2
	OrbChomp
	AimSpitter
	AimSpitter2
	eyeshooter
	SpitterX
	SpitterY
	Bullet
	eyebullet
	Floater
	ChargeSlug
	Slug
	BigCharger
	BigSlug
	Splatter
	Gasser
	GasCloud
	Cannon
	Cannonstand
	Cannonball
	Fireball
	ThwampEye
	ThwampGear
	CheepCheep
	Frog
	SkullCrow
	SkullFloater
	SkullFloaterBreaky
	SkullSlug
	Bouncer
	ChainChomp
	CreepingMass
	CreepEye
	Fish
	Fish2
	Mask
	Revolver
	gface
	Ghost
	MiniDrone
	MiniBird
	MiniFly
	MiniFish
	MiniFishWhite
	MiniFlea
	MiniFrog
	MiniFrogWhite
	MiniGhost
	MiniWisp
	MiniRat
	MiniRatWhite
	MiniWorm
	Decoration5
	Decoration6
	Decoration7
	eyeball
	EscapeEnd
	MiniDrone
	Cannonretro
	Cannonstandretro
	cannonballretro
	cannonballfireretro
	Gasserretro
	GasCloudretro
	Floaterretro
	Floater2
	FloaterGlitch
	SkullFloaterretro
	SkullSlugretro
	SkullCrowretro
	cheepretro
	Frogretro
	RetroOrbSmall
	RetroOrbLarge
	pacman
	RetroElectroBall
	RetroGhost
	Maskretro
	ChainChompretro
	ChainLinkretro
	Revolverretro
	Bouncerretro
	CreepingMassRetro
	hopperretro
	ThwampEyeRetro
	ThwampGearRetro
	Slugretro
	RetroChargerSlug
	Splatterretro
	bulletretro
	RetroFish
	SpitterZretro
	SpitterYretro
	SpitterXretro
	Coin
	cartend
	NPC9
	NPC0
	NPC1
	NPC2
	NPC3
	NPC4
	NPC5
	NPC6
	NPC7
	NPC8
	NPC9
	NPC10
	NPC11
	NPC12
	NPC13
	NPC14
	NPC15
	NPC16
	NPC17
	NPCB1
	NPCB2
	NPCB3
	NPCB4
	NPCB5
	NPCB6
	NPCB7
	NPCG1
	NPCG2
	NPCG3
	NPCG4
	NPCG5
	NPCG6
	NPCG7
	NPCD1
	NPCD2
	NPCD3
	NPCD4
	NPCD5
	NPCD6
	NPCD7
	NPCX1
	NPCX2
	NPCX3
	NPCX4
	NPCX5
	NPCH1
	NPCH2
	NPCH3
	NPCH4
  </insane>
</root>