﻿<?xml version="1.0" encoding="utf-8"?>
<pool enabled="True" source="The End is Nigh" author="" order="14">
  <tileset>
    <default>
		tile_graphics TileEnd
		overlay_graphics Overlaysend
		background_graphics neverbg
		foreground_graphics None
		fx_shader ripples
		fx_shader_mid distortionparticles
		palette 18
		midfx_layer 1
		global_particle_1 fgrain
		global_particle_2 bgrain
		global_particle_3 lightning
		decoration_1 eyeball
		music [requiem_intro.ogg, requiem_loop.ogg]
		ambience flesh.ogg
		do_tilt true
	</default>
    <need>
		tile_particle_1 waterfall
		tile_particle_2 waterfall_splash
		tile_particle_3 bubbles
		tile_particle_4 drip
	</need>
    <art>[OrbSmall, OrbBlob2][ChainLink2, None][OrbChomp, MovingOrbBlob][OrbLarge, OrbLarge2][AimSpitter, AimSpitter2]</art>
  </tileset>
  <level>
    <name>7-1</name>
  </level>
  <level>
    <name>7-2</name>
  </level>
  <level>
    <name>7-3</name>
  </level>
  <level>
    <name>7-4</name>
  </level>
  <level>
    <name>7-5</name>
  </level>
  <level>
    <name>7-6</name>
  </level>
  <level>
    <name>7-7</name>
  </level>
  <level>
    <name>7-8</name>
  </level>
  <level>
    <name>7-9</name>
  </level>
  <level>
    <name>7-10</name>
  </level>
  <level>
    <name>7-11</name>
  </level>
  <level>
    <name>7-12</name>
  </level>
  <level>
    <name>7-13</name>
  </level>
  <level>
    <name>7-14</name>
  </level>
</pool>