﻿<?xml version="1.0" encoding="utf-8"?>
<pool enabled="True" source="The End is Nigh" author="" order="13">
  <tileset>
    <default>
		tile_graphics theglow
		overlay_graphics Overlaystheglow
		background_graphics bgsolid
		foreground_graphics None
		palette 13
		toxic_timer 1.05
		global_particle_1 none
		global_particle_2 none
		global_particle_3 none
		music [mountainking_fakeout.ogg, mountainking_loop.ogg]
		ambience ruins.ogg
		fx_shader_mid sludgeglow2
		midfx_graphics SolidBox
		midfx_layer 2
		fx_shader sludgeripples
	</default>
    <need>
		tile_particle_1 toxicdump_left
		tile_particle_2 toxicdump_right
		tile_particle_3 toxicdump_down
		decoration_1 EscapeEnd
		#fx_shader sludgeripples
		tile_particle_5 toxicbubbles
		#fx_shader_mid sludgeglow2
		#midfx_graphics SolidBox
		#midfx_layer 2
	</need>
    <art>[Fish, Fish2][MiniFly, MiniWisp]</art>
  </tileset>
  <level>
    <name>6-2</name>
  </level>
  <level>
    <name>6-3</name>
  </level>
  <level>
    <name>6-4</name>
  </level>
  <level>
    <name>6-5</name>
  </level>
  <level>
    <name>6-6</name>
  </level>
  <level>
    <name>6-7</name>
  </level>
  <level>
    <name>6-8</name>
  </level>
  <level>
    <name>6-9</name>
  </level>
  <level>
    <name>6-10</name>
  </level>
  <level>
    <name>6-11</name>
  </level>
  <level>
    <name>6-12</name>
  </level>
  <level>
    <name>6-13</name>
  </level>
  <level>
    <name>6-14</name>
  </level>
  <level>
    <name>6-15</name>
  </level>
  <level>
    <name>6-16</name>
  </level>
  <level>
    <name>6-17</name>
  </level>
  <level>
    <name>6-18</name>
  </level>
  <level>
    <name>6-19</name>
  </level>
  <level>
    <name>6-20</name>
  </level>
</pool>