<?xml version="1.0" encoding="utf-8"?>
<root>
  <active>
    1
    2
    3
    4
    5
    6
    7
    8
    9
    10
    11
    12
    13
    14
    15
    16
    17
    18
    19
    20
    21
    22
    23
    24
    25
    26
    27
    28
    29
    30
    31
    32
    33
    34
    35
    36
    37
    38
    39
    40
    40036
    40108
    40109
  </active>
  <entity>
    40096
    40097
    40098
    40074
    40099
    40000
    40001
    40002
    40085
    40004
    40003
    40005
    40006
    40007
    40008
    40009
    40010
    40012
    40013
    40014
    40015
    40016
    40017
    40018
    40019
    40020
    40021
    40027
    40045
    40026
    40029
    40046
    40028
    40030
    40032
    40033
    40034
    40035
    40037
    40073
    40047
    40048
    40022
    40025
    40023
    40024
    40049
    40065
    40068
    40066
    40067
    40069
    40070
    40071
    40078
    40080
    40082
    40084
    40086
    40087
    40089
    40090
    40091
    40092
    40093
    40100
    40107
    40112
    40114
    40115
    40116
    40117
    40118
    40119
    40120
  </entity>
  <overlay>
    0
    30000
    30001
    30002
    30003
    30004
    30006
    30007
    30008
  </overlay>

  <smart>
    <Empty id="0"></Empty>
    <Solid id="1">
      1
      6
      7
      10
      26
      33
      34
      40108
      40109
    </Solid>
    <SpikeR id="2"></SpikeR>
    <SpikeD id="3"></SpikeD>
    <SpikeL id="4"></SpikeL>
    <SpikeU id="5"></SpikeU>
    <Platform id="6">
      6
      10
    </Platform>
    <Hook id="7"></Hook>
    <Pipe id="8"></Pipe>
    <FakeSolid id="9"></FakeSolid>
    <Crumble id="10">
      6
      10
    </Crumble>
    <SmallSpikeR id="11"></SmallSpikeR>
    <SmallSpikeD id="12"></SmallSpikeD>
    <SmallSpikeL id="13"></SmallSpikeL>
    <SmallSpikeU id="14"></SmallSpikeU>
    <Drill id="15"></Drill>
    <Switch1U id="16"></Switch1U>
    <Switch2U id="17"></Switch2U>
    <Switch3U id="18"></Switch3U>
    <Switch4U id="19"></Switch4U>
    <Switch1P id="20"></Switch1P>
    <Switch2P id="21"></Switch2P>
    <Switch3P id="22"></Switch3P>
    <Switch4P id="23"></Switch4P>
    <Decor1 id="24"></Decor1>
    <Decor2 id="25"></Decor2>
    <Breakable id="26">
      26
      10
    </Breakable>
    <ConveySlowR id="27"></ConveySlowR>
    <ConveyFastR id="28"></ConveyFastR>
    <ConveySlowL id="29"></ConveySlowL>
    <ConveyFastL id="30"></ConveyFastL>
    <ConveySlowU id="31"></ConveySlowU>
    <ConveyFastU id="32"></ConveyFastU>
    <Lock id="33"></Lock>
    <LockBarrier id="34"></LockBarrier>
    <ParticleEmit1 id="35"></ParticleEmit1>
    <ParticleEmit2 id="36"></ParticleEmit2>
    <ParticleEmit3 id="37"></ParticleEmit3>
    <ParticleEmit4 id="38"></ParticleEmit4>
    <PipeAlt id="39"></PipeAlt>
    <Invisible id="40"></Invisible>
    <CameraBounds id="20000"></CameraBounds>
    <DebugSpawn id="20001"></DebugSpawn>
    <GreenTransitionL id="20003"></GreenTransitionL>
    <GreenTransitionU id="20004"></GreenTransitionU>
    <DirectionRight id="20006"></DirectionRight>
    <DirectionLeft id="20007"></DirectionLeft>
    <DirectionUp id="20008"></DirectionUp>
    <DirectionDown id="20009"></DirectionDown>
    <MoveExtension id="20010"></MoveExtension>
    <FallingSlow id="20011"></FallingSlow>
    <FallingMed id="20012"></FallingMed>
    <FallingFast id="20013"></FallingFast>
    <FallTriggerSlow id="20014"></FallTriggerSlow>
    <FallTriggerMed id="20015"></FallTriggerMed>
    <FallTriggerFast id="20016"></FallTriggerFast>
    <NoAccelSlowR id="20017"></NoAccelSlowR>
    <NoAccelSlowL id="20018"></NoAccelSlowL>
    <NoAccelSlowU id="20019"></NoAccelSlowU>
    <NoAccelSlowD id="20020"></NoAccelSlowD>
    <NoAccelMedR id="20021"></NoAccelMedR>
    <NoAccelMedL id="20022"></NoAccelMedL>
    <NoAccelMedU id="20023"></NoAccelMedU>
    <NoAccelMedD id="20024"></NoAccelMedD>
    <NoAccelFastR id="20025"></NoAccelFastR>
    <NoAccelFastL id="20026"></NoAccelFastL>
    <NoAccelFastU id="20027"></NoAccelFastU>
    <NoAccelFastD id="20028"></NoAccelFastD>
    <MoveWPauseSlowR id="20029"></MoveWPauseSlowR>
    <MoveWPauseSlowL id="20030"></MoveWPauseSlowL>
    <MoveWPauseSlowU id="20031"></MoveWPauseSlowU>
    <MoveWPauseSlowD id="20032"></MoveWPauseSlowD>
    <MoveWPauseMedR id="20033"></MoveWPauseMedR>
    <MoveWPauseMedL id="20034"></MoveWPauseMedL>
    <MoveWPauseMedU id="20035"></MoveWPauseMedU>
    <MoveWPauseMedD id="20036"></MoveWPauseMedD>
    <MoveWPauseFastR id="20037"></MoveWPauseFastR>
    <MoveWPauseFastL id="20038"></MoveWPauseFastL>
    <MoveWPauseFastU id="20039"></MoveWPauseFastU>
    <MoveWPauseFastD id="20040"></MoveWPauseFastD>
    <AccelSlowR id="20041"></AccelSlowR>
    <AccelSlowL id="20042"></AccelSlowL>
    <AccelSlowU id="20043"></AccelSlowU>
    <AccelSlowD id="20044"></AccelSlowD>
    <AccelMedR id="20045"></AccelMedR>
    <AccelMedL id="20046"></AccelMedL>
    <AccelMedU id="20047"></AccelMedU>
    <AccelMedD id="20048"></AccelMedD>
    <AccelFastR id="20049"></AccelFastR>
    <AccelFastL id="20050"></AccelFastL>
    <AccelFastU id="20051"></AccelFastU>
    <AccelFastD id="20052"></AccelFastD>
    <NoBack id="20053"></NoBack>
    <YellowTransitionR id="20054"></YellowTransitionR>
    <YellowTransitionL id="20055"></YellowTransitionL>
    <YellowTransitionU id="20056"></YellowTransitionU>
    <YellowTransitionD id="20057"></YellowTransitionD>
    <Stop id="20058"></Stop>
    <Destroy id="20059"></Destroy>
    <Spawner1 id="20060"></Spawner1>
    <Spawner2 id="20061"></Spawner2>
    <Spawner3 id="20062"></Spawner3>
    <Spawner4 id="20063"></Spawner4>
    <Despawner1 id="20064"></Despawner1>
    <Despawner2 id="20065"></Despawner2>
    <Despawner3 id="20066"></Despawner3>
    <Despawner4 id="20067"></Despawner4>
    <Unused id="20068"></Unused>
    <Warp id="20069"></Warp>
    <Wrap id="20070"></Wrap>
    <NoTile id="20071"></NoTile>
    <NoOver id="20072"></NoOver>
    <AscendSlow id="20073"></AscendSlow>
    <AscendMed id="20074"></AscendMed>
    <AscendFast id="20075"></AscendFast>
    <WeightedSlow id="20076"></WeightedSlow>
    <WeightedMed id="20077"></WeightedMed>
    <WeightedFast id="20078"></WeightedFast>
    <Sine1 id="20079"></Sine1>
    <Sine2 id="20080"></Sine2>
    <Sine3 id="20081"></Sine3>
    <CrusherR id="20082"></CrusherR>
    <CrusherL id="20083"></CrusherL>
    <CrusherU id="20084"></CrusherU>
    <CrusherD id="20085"></CrusherD>
    <Crusher id="20086"></Crusher>
    <WindR id="20087"></WindR>
    <WindL id="20088"></WindL>
    <Background id="20089"></Background>
    <Foreground id="20090"></Foreground>
    <AccelXSlowR id="20091"></AccelXSlowR>
    <AccelXSlowL id="20092"></AccelXSlowL>
    <AccelXSlowU id="20093"></AccelXSlowU>
    <AccelXSlowD id="20094"></AccelXSlowD>
    <YellowTransitionUR id="20095"></YellowTransitionUR>
    <YellowTransitionDR id="20096"></YellowTransitionDR>
    <YellowTransitionUL id="20097"></YellowTransitionUL>
    <YellowTransitionDL id="20098"></YellowTransitionDL>
    <GreenTransitionUR id="20099"></GreenTransitionUR>
    <GreenTransitionDR id="20100"></GreenTransitionDR>
    <GreenTransitionUL id="20101"></GreenTransitionUL>
    <Savepoint id="20102"></Savepoint>
    <CheckPoint id="20103"></CheckPoint>
    <Unused1 id="20104"></Unused1>
    <GreenTransitionDL id="20105"></GreenTransitionDL>
    <Water id="30000">
      30000
      30001
      30007
    </Water>
    <Pollution id="30001">
      30000
      30001
      30007
    </Pollution>
    <Lava id="30002">
      30000
      30001
      30002
      30007
    </Lava>
    <WaterUB id="30003">
      30003
      30004
    </WaterUB>
    <PollutionUB id="30004">
      30003
      30004
    </PollutionUB>
    <LavaUB id="30005">
      30003
      30004
      30005
    </LavaUB>
    <SolidOver id="30006"></SolidOver>
    <GraityBeam id="30007">
      30000
      30001
      30007
    </GraityBeam>
    <ParticleEmit5 id="30008"></ParticleEmit5>
    <FakeSolidOver id="30009"></FakeSolidOver>
    <HoastL id="40000">
      40000
      40001
    </HoastL>
    <HoastR id="40001">
      40000
      40001
    </HoastR>
    <Floast id="40002">
      40085
      40002
      40003
    </Floast>
    <Gasper id="40003">
      40003
      40002
    </Gasper>
    <Toast id="40004"></Toast>
    <SlagDR id="40005">
      40005
      40006
      40007
      40008
    </SlagDR>
    <SlagDL id="40006">
      40005
      40006
      40007
      40008
    </SlagDL>
    <SlagUR id="40007">
      40005
      40006
      40007
      40008
    </SlagUR>
    <SlagUL id="40008">
      40005
      40006
      40007
      40008
    </SlagUL>
    <ParaslagD id="40009">
      40009
      40010
    </ParaslagD>
    <ParaslagU id="40010">
      40009
      40010
    </ParaslagU>
    <Kuko id="40011">
      40011
      40072
    </Kuko>
    <EdemaUR id="40012">
      40012
      40013
      40014
      40015
    </EdemaUR>
    <EdemaDR id="40013">
      40012
      40013
      40014
      40015
    </EdemaDR>
    <EdemaDL id="40014">
      40012
      40013
      40014
      40015
    </EdemaDL>
    <EdemaUL id="40015">
      40012
      40013
      40014
      40015
    </EdemaUL>
    <AnchorFishSR id="40016">
      40016
      40017
      40018
      40019
      40020
      40021
    </AnchorFishSR>
    <AnchorFishMR id="40017">
      40016
      40017
      40018
      40019
      40020
      40021
    </AnchorFishMR>
    <AnchorFishLR id="40018">
      40016
      40017
      40018
      40019
      40020
      40021
    </AnchorFishLR>
    <AnchorFishSL id="40019">
      40016
      40017
      40018
      40019
      40020
      40021
    </AnchorFishSL>
    <AnchorFishML id="40020">
      40016
      40017
      40018
      40019
      40020
      40021
    </AnchorFishML>
    <AnchorFishLL id="40021">
      40016
      40017
      40018
      40019
      40020
      40021
    </AnchorFishLL>
    <SingleTurretR id="40022">
      40022
      40065
      40049
      40069
    </SingleTurretR>
    <SingleTurretL id="40023">
      40023
      40066
      40049
      40069
    </SingleTurretL>
    <SingleTurretU id="40024">
      40024
      40067
      40049
      40069
    </SingleTurretU>
    <SingleTurretD id="40025">
      40025
      40068
      40049
      40069
    </SingleTurretD>
    <FissureRA id="40026">
      40027
      40045
      40026
      40029
      40046
      40028
    </FissureRA>
    <FissureLA id="40027">
      40027
      40045
      40026
      40029
      40046
      40028
    </FissureLA>
    <FissureRB id="40028">
      40027
      40045
      40026
      40029
      40046
      40028
    </FissureRB>
    <FissureLB id="40029">
      40027
      40045
      40026
      40029
      40046
      40028
    </FissureLB>
    <Musk id="40030">
      40112
      40030
    </Musk>
    <CrunchS id="40031">
      40031
      40032
      40033
    </CrunchS>
    <CrunchM id="40032">
      40031
      40032
      40033
    </CrunchM>
    <CrunchL id="40033">
      40031
      40032
      40033
    </CrunchL>
    <CroastR id="40034">
      40034
      40035
    </CroastR>
    <CroastL id="40035">
      40034
      40035
    </CroastL>
    <Spring id="40036">
      40091
      40036
    </Spring>
    <Tumor id="40037"></Tumor>
    <Cartridge id="40038"></Cartridge>
    <Unused5 id="40039"></Unused5>
    <Unused6 id="40040"></Unused6>
    <Unused7 id="40041"></Unused7>
    <Unused8 id="40042"></Unused8>
    <Unused9 id="40043"></Unused9>
    <Unused10 id="40044"></Unused10>
    <FissureMA id="40045">
      40027
      40045
      40026
      40029
      40046
      40028
    </FissureMA>
    <FissureMB id="40046">
      40027
      40045
      40026
      40029
      40046
      40028
    </FissureMB>
    <PollutionCloud id="40047"></PollutionCloud>
    <Mother id="40048">
      40075
      40076
      40077
      40088
      40089
      40090
    </Mother>
    <SightTurret id="40049">
      40049
      40069
      40070
      40071
    </SightTurret>
    <CannonRA id="40050">
      40050
      40051
    </CannonRA>
    <CannonRB id="40051">
      40050
      40051
    </CannonRB>
    <CannonGA id="40052">
      40052
      40053
    </CannonGA>
    <CannonGB id="40053">
      40052
      40053
    </CannonGB>
    <CannonBA id="40054">
      40054
      40055
    </CannonBA>
    <CannonBB id="40055">
      40054
      40055
    </CannonBB>
    <FireballRA id="40056">
      40056
      40057
    </FireballRA>
    <FireballRB id="40057">
      40056
      40057
    </FireballRB>
    <FireballGA id="40058">
      40058
      40059
    </FireballGA>
    <FireballGB id="40059">
      40058
      40059
    </FireballGB>
    <FireballBA id="40060">
      40060
      40061
    </FireballBA>
    <FireballBB id="40061">
      40060
      40061
    </FireballBB>
    <TargetR id="40062"></TargetR>
    <TargetG id="40063"></TargetG>
    <TargetB id="40064"></TargetB>
    <BurstTurretR id="40065">
      40022
      40065
      40049
      40069
    </BurstTurretR>
    <BurstTurretL id="40066">
      40023
      40066
      40049
      40069
    </BurstTurretL>
    <BurstTurretU id="40067">
      40024
      40067
      40049
      40069
    </BurstTurretU>
    <BurstTurretD id="40068">
      40025
      40068
      40049
      40069
    </BurstTurretD>
    <SightVTurret id="40069">
      40049
      40069
      40070
      40071
    </SightVTurret>
    <RapidTurret id="40070">
      40049
      40069
      40070
      40071
    </RapidTurret>
    <PredictTurret id="40071">
      40049
      40069
      40070
      40071
    </PredictTurret>
    <KukoBig id="40072">
      40011
      40072
    </KukoBig>
    <Key id="40073"></Key>
    <GlowMushroom id="40074">
      40074
      40099
    </GlowMushroom>
    <AgonS id="40075"></AgonS>
    <Feral id="40076">
      40075
      40076
    </Feral>
    <AgonM id="40077">
      40075
      40076
      40077
      40088
      40089
      40090
    </AgonM>
    <Charger id="40078">
      40078
      40005
      40006
    </Charger>
    <Unused2 id="40079"></Unused2>
    <Drooper id="40080">
      40080
      40082
    </Drooper>
    <Unused3 id="40081"></Unused3>
    <Gorger id="40082">
      40080
      40082
    </Gorger>
    <Unused4 id="40083"></Unused4>
    <Retinara id="40084">
      40084
      40049
      40069
      40070
      40071
    </Retinara>
    <XFloast id="40085">
      40003
      40002
      40085
    </XFloast>
    <Thistlefish id="40086">
      40086
      40087
    </Thistlefish>
    <Thistlefish2 id="40087">
      40086
      40087
    </Thistlefish2>
    <WailerC id="40088">
      40088
      40089
      40090
    </WailerC>
    <WailerA id="40089">
      40089
      40090
    </WailerA>
    <WailerB id="40090">
      40089
      40090
    </WailerB>
    <Mine id="40091">
      40091
      40036
    </Mine>
    <ExitWarp id="40092"></ExitWarp>
    <NPC1 id="40093"></NPC1>
    <NPC2 id="40094"></NPC2>
    <NPC3 id="40095"></NPC3>
    <Decoration1 id="40096"></Decoration1>
    <Decoration2 id="40097"></Decoration2>
    <Decoration3 id="40098"></Decoration3>
    <GlowMushroom2 id="40099">
      40074
      40099
    </GlowMushroom2>
    <FriendPieces1 id="40101"></FriendPieces1>
    <FriendPieces2 id="40102"></FriendPieces2>
    <FriendPieces3 id="40103"></FriendPieces3>
    <FriendStand id="40104"></FriendStand>
    <AcceptanceTrigger id="40105"></AcceptanceTrigger>
    <Unused11 id="40106"></Unused11>
    <TVConsole id="40107"></TVConsole>
    <CrusherGear id="40108">
      40108
      40109
    </CrusherGear>
    <CrusherEye id="40109">
      40108
      40109
    </CrusherEye>
    <Ring id="40110"></Ring>
    <MegaTumor id="40111"></MegaTumor>
    <Watcher id="40112">
      40112
      40076
      40030
    </Watcher>
    <AgonL id="40113">
      40077
      40113
      40048
      40048
    </AgonL>
    <Critters1 id="40114"></Critters1>
    <Critters2 id="40115"></Critters2>
    <Critters3 id="40116"></Critters3>
    <Critters4 id="40117"></Critters4>
    <Critters5 id="40118"></Critters5>
    <Critters6 id="40119"></Critters6>
    <WholePiece id="50000"></WholePiece>
    <LargeSideR id="50001"></LargeSideR>
    <LargeSideD id="50002"></LargeSideD>
    <LargeSideU id="50003"></LargeSideU>
    <LargeSideL id="50004"></LargeSideL>
    <SmallSideR id="50005"></SmallSideR>
    <SmallSideD id="50006"></SmallSideD>
    <SmallSideU id="50007"></SmallSideU>
    <SmallSideL id="50008"></SmallSideL>
    <SmallCornerR id="50009"></SmallCornerR>
    <SmallCornerD id="50010"></SmallCornerD>
    <SmallCornerU id="50011"></SmallCornerU>
    <SmallCornerL id="50012"></SmallCornerL>
    <LargeCornerR id="50013"></LargeCornerR>
    <LargeCornerD id="50014"></LargeCornerD>
    <LargeCornerU id="50015"></LargeCornerU>
    <LargeCornerL id="50016"></LargeCornerL>
    <DiagonalR id="50017"></DiagonalR>
    <DiagonalD id="50018"></DiagonalD>
    <DiagonalU id="50019"></DiagonalU>
    <DiagonalL id="50020"></DiagonalL>
    <DecorationR id="50021"></DecorationR>
    <DecorationD id="50022"></DecorationD>
    <DecorationU id="50023"></DecorationU>
    <DecorationL id="50024"></DecorationL>
    <Unused13 id="50025"></Unused13>
    <Unused14 id="50026"></Unused14>
    <Unused15 id="50027"></Unused15>
    <Unused16 id="50028"></Unused16>
    <Unused17 id="50029"></Unused17>
    <Unused18 id="50030"></Unused18>
    <Unused19 id="50031"></Unused19>
    <Unused20 id="50032"></Unused20>
    <WholePiece2 id="50033"></WholePiece2>
    <LargeSideR2 id="50034"></LargeSideR2>
    <LargeSideD2 id="50035"></LargeSideD2>
    <LargeSideU2 id="50036"></LargeSideU2>
    <LargeSideL2 id="50037"></LargeSideL2>
    <SmallSideR2 id="50038"></SmallSideR2>
    <SmallSideD2 id="50039"></SmallSideD2>
    <SmallSideU2 id="50040"></SmallSideU2>
    <SmallSideL2 id="50041"></SmallSideL2>
    <SmallCornerR2 id="50042"></SmallCornerR2>
    <SmallCornerD2 id="50043"></SmallCornerD2>
    <SmallCornerU2 id="50044"></SmallCornerU2>
    <SmallCornerL2 id="50045"></SmallCornerL2>
    <LargeCornerR2 id="50046"></LargeCornerR2>
    <LargeCornerD2 id="50047"></LargeCornerD2>
    <LargeCornerU2 id="50048"></LargeCornerU2>
    <LargeCornerL2 id="50049"></LargeCornerL2>
    <DiagonalR2 id="50050"></DiagonalR2>
    <DiagonalD2 id="50051"></DiagonalD2>
    <DiagonalU2 id="50052"></DiagonalU2>
    <DiagonalL2 id="50053"></DiagonalL2>
    <DecorationR2 id="50054"></DecorationR2>
    <DecorationD2 id="50055"></DecorationD2>
    <DecorationU2 id="50056"></DecorationU2>
    <DecorationL2 id="50057"></DecorationL2>
  </smart>
</root>