﻿<?xml version="1.0" encoding="utf-8"?>
<pool enabled="False" source="Male Novum" author="Onyx35678" order="0">
  <level name="1pm-2" reverse="False" secret="False">
    <tileset>
      <default>
		tile_graphics Tilecity
		overlay_graphics Overlayscity
		background_graphics bg2
		foreground_graphics fg1
		fx_shader distortionparticles
		palette 51
		ambience rain.ogg
		tile_particle_1 drip
		tile_particle_2 splash
		global_particle_1 fgrain
		global_particle_2 bgrain
		global_particle_3 distortrain
		decoration_1 Decoration0
		decoration_2 Decoration1
		decoration_3 inst10
		</default>
      <need></need>
      <art>[Floater, Ghost]</art>
    </tileset>
  </level>
  <level name="1pm-3" reverse="False" secret="False">
    <tileset>
      <default>
		tile_graphics Tilecity
		overlay_graphics Overlayscity
		background_graphics bg2
		foreground_graphics fg1
		fx_shader distortionparticles
		palette 51
		ambience rain.ogg
		tile_particle_1 drip
		tile_particle_2 splash
		global_particle_1 fgrain
		global_particle_2 bgrain
		global_particle_3 distortrain
		decoration_1 Decoration0
		decoration_2 Decoration1
		decoration_3 inst10
		</default>
      <need></need>
      <art>[Floater, Ghost]</art>
    </tileset>
  </level>
  <level name="2dd-4" reverse="False" secret="False">
    <tileset>
      <default>
		tile_graphics Tilefield
		overlay_graphics Overlaysfield
		background_graphics ch2bg
		foreground_graphics fg1
		fx_shader ripples
		fx_shader_mid heatwave2
		midfx_graphics SolidBox
		palette 58
		global_particle_1 leaves
		tile_particle_1 dust
		decoration_1 Decoration9
		decoration_2 none
		decoration_3 none
		ambience wind.ogg
		</default>
    </tileset>
  </level>
  <level name="2dd-5" reverse="False" secret="False">
    <tileset>
      <default>
		tile_graphics Tilefield
		overlay_graphics Overlaysfield
		background_graphics ch2bg
		foreground_graphics fg1
		fx_shader ripples
		fx_shader_mid heatwave2
		midfx_graphics SolidBox
		palette 58
		global_particle_1 leaves
		tile_particle_1 dust
		decoration_1 Decoration9
		decoration_2 none
		decoration_3 none
		ambience wind.ogg
		</default>
    </tileset>
  </level>
  <level name="4bt-2" reverse="False" secret="False">
    <tileset>
      <default>
		tile_graphics Tilefield
		overlay_graphics Overlaysfield
		background_graphics field2bg
		foreground_graphics None
		fx_shader reflectionripples
		fx_shader_mid radiation
		midfx_graphics SolidBox
		palette 5
		midfx_layer 2
		decoration_1 inst11
		global_particle_1 rocks
		#global_particle_2 mist
		ambience flesh.ogg
		</default>
      <art>[AimSpitter,eyeshooter][Bullet,eyebullet][MiniFrog, MiniFlea][OrbSmall, OrbBlob2][ChainLink2, None][OrbChomp, MovingOrbBlob][OrbLarge, OrbLarge2]</art>
    </tileset>
  </level>
  <level name="4bt-3" reverse="False" secret="False">
    <tileset>
      <default>
		tile_graphics Tilefield
		overlay_graphics Overlaysfield
		background_graphics field2bg
		foreground_graphics None
		fx_shader reflectionripples
		fx_shader_mid radiation
		midfx_graphics SolidBox
		palette 5
		midfx_layer 2
		decoration_1 inst11
		global_particle_1 rocks
		#global_particle_2 mist
		music [hmk_secret_intro.ogg, hmk_secret_loop.ogg]
		ambience flesh.ogg
		</default>
      <art>[AimSpitter,eyeshooter][Bullet,eyebullet][MiniFrog, MiniFlea][OrbSmall, OrbBlob2][ChainLink2, None][OrbChomp, MovingOrbBlob][OrbLarge, OrbLarge2]</art>
    </tileset>
  </level>
  <level name="4ct-1" reverse="False" secret="False">
    <tileset>
      <default>
		tile_graphics Tiletox2
		overlay_graphics Overlaystox2
		background_graphics Background
		foreground_graphics None
		fx_shader sludgeripples
		palette 6
		global_particle_1 cold
		global_particle_2 mist2
		decoration_1 Deco10
		decoration_2 Deco11
		decoration_3 none
		fx_shader_mid lighting
		shader_param 0
		midfx_graphics ShadeBox
		midfx_layer 2
		tile_particle_1 drip		
		#global_particle_1 lightingtest		
		music [hmk_secret_intro.ogg, hmk_secret_loop.ogg]
		ambience caves.ogg
	  </default>
    </tileset>
  </level>
  <level name="4ct-2" reverse="False" secret="False">
    <tileset>
      <default>
		tile_graphics Tiletox2
		overlay_graphics Overlaystox2
		background_graphics Background
		foreground_graphics None
		fx_shader sludgeripples
		palette 6
		global_particle_1 cold
		global_particle_2 mist2
		decoration_1 Deco10
		decoration_2 Deco11
		decoration_3 none
		fx_shader_mid lighting
		shader_param 0
		midfx_graphics ShadeBox
		midfx_layer 2
		tile_particle_1 drip		
		#global_particle_1 lightingtest		
		music [hmk_secret_intro.ogg, hmk_secret_loop.ogg]
		ambience caves.ogg
	  </default>
      <art>[MiniFly, MiniWisp][MiniRat, MiniRatWhite][MiniFrog, MiniFrogWhite]</art>
    </tileset>
  </level>
  <level name="4db-1" reverse="False" secret="False">
    <tileset>
      <default>
		tile_graphics Tilecomplex
		overlay_graphics Overlaystox
		background_graphics field2bg
		foreground_graphics None
		fx_shader reflectionripples
		fx_shader_mid radiation
		midfx_graphics SolidBox
		palette 55
		midfx_layer 2
		decoration_1 inst11
		global_particle_1 rocks
		#global_particle_2 mist
		ambience flesh.ogg
	  </default>
      <art>[AimSpitter,eyeshooter][Bullet,eyebullet][MiniFrog, MiniFlea][OrbSmall, OrbBlob2][ChainLink2, None][OrbChomp, MovingOrbBlob][OrbLarge, OrbLarge2]</art>
    </tileset>
  </level>
  <level name="4db-2" reverse="False" secret="False">
    <tileset>
      <default>
		tile_graphics Tilecomplex
		overlay_graphics Overlaystox
		background_graphics field2bg
		foreground_graphics None
		fx_shader reflectionripples
		fx_shader_mid radiation
		midfx_graphics SolidBox
		palette 55
		midfx_layer 2
		decoration_1 inst11
		global_particle_1 rocks
		#global_particle_2 mist
		ambience flesh.ogg
	  </default>
      <art>[AimSpitter,eyeshooter][Bullet,eyebullet][MiniFrog, MiniFlea][OrbSmall, OrbBlob2][ChainLink2, None][OrbChomp, MovingOrbBlob][OrbLarge, OrbLarge2]</art>
    </tileset>
  </level>
  <level name="4db-3" reverse="False" secret="False">
    <tileset>
      <default>
		tile_graphics Tilecomplex
		overlay_graphics Overlaystox
		background_graphics field2bg
		foreground_graphics None
		fx_shader reflectionripples
		fx_shader_mid radiation
		midfx_graphics SolidBox
		palette 55
		midfx_layer 2
		decoration_1 inst11
		global_particle_1 rocks
		#global_particle_2 mist
		ambience flesh.ogg
	  </default>
      <art>[AimSpitter,eyeshooter][Bullet,eyebullet][MiniFrog, MiniFlea][OrbSmall, OrbBlob2][ChainLink2, None][OrbChomp, MovingOrbBlob][OrbLarge, OrbLarge2]</art>
    </tileset>
  </level>
  <level name="4db-4" reverse="False" secret="False">
    <tileset>
      <default>
		tile_graphics Tilecomplex
		overlay_graphics Overlaystox
		background_graphics field2bg
		foreground_graphics None
		fx_shader reflectionripples
		fx_shader_mid radiation
		midfx_graphics SolidBox
		palette 55
		midfx_layer 2
		decoration_1 inst11
		global_particle_1 rocks
		#global_particle_2 mist
		ambience flesh.ogg
	  </default>
      <art>[AimSpitter,eyeshooter][Bullet,eyebullet][MiniFrog, MiniFlea][OrbSmall, OrbBlob2][ChainLink2, None][OrbChomp, MovingOrbBlob][OrbLarge, OrbLarge2]</art>
    </tileset>
  </level>
  <level name="4db-5" reverse="False" secret="False">
    <tileset>
      <default>
		tile_graphics Tilecomplex
		overlay_graphics Overlaystox
		background_graphics field2bg
		foreground_graphics None
		fx_shader reflectionripples
		fx_shader_mid radiation
		midfx_graphics SolidBox
		palette 55
		midfx_layer 2
		decoration_1 inst11
		global_particle_1 rocks
		#global_particle_2 mist
		ambience flesh.ogg
	  </default>
      <art>[AimSpitter,eyeshooter][Bullet,eyebullet][MiniFrog, MiniFlea][OrbSmall, OrbBlob2][ChainLink2, None][OrbChomp, MovingOrbBlob][OrbLarge, OrbLarge2]</art>
    </tileset>
  </level>
  <level name="4hd-1" reverse="False" secret="False">
    <tileset>
      <default>
			tile_graphics Tiletox
			overlay_graphics Overlaystox
			background_graphics ch4abg
			foreground_graphics None
			fx_shader ripples
			palette 56
			global_particle_1 wind2
			global_particle_2 wind
			ambience wind.ogg
		</default>
      <need>
			fx_shader_mid cloudripples
			midfx_graphics None
			midfx_layer 2
		</need>
      <art>[Floater, Ghost]</art>
    </tileset>
  </level>
  <level name="4hd-2" reverse="False" secret="False">
    <tileset>
      <default>
			tile_graphics Tiletox
			overlay_graphics Overlaystox
			background_graphics ch4abg
			foreground_graphics None
			fx_shader ripples
			palette 56
			global_particle_1 wind2
			global_particle_2 wind
			ambience wind.ogg
		</default>
      <need>
			fx_shader_mid cloudripples
			midfx_graphics None
			midfx_layer 2
		</need>
      <art>[Floater, Ghost]</art>
    </tileset>
  </level>
  <level name="4hd-3" reverse="False" secret="False">
    <tileset>
      <default>
			tile_graphics Tiletox
			overlay_graphics Overlaystox
			background_graphics ch4abg
			foreground_graphics None
			fx_shader ripples
			palette 56
			global_particle_1 wind2
			global_particle_2 wind
			ambience wind.ogg
		</default>
      <need>
			fx_shader_mid cloudripples
			midfx_graphics None
			midfx_layer 2
		</need>
      <art>[Floater, Ghost]</art>
    </tileset>
  </level>
  <level name="4hd-4" reverse="False" secret="False">
    <tileset>
      <default>
			tile_graphics Tiletox
			overlay_graphics Overlaystox
			background_graphics ch4abg
			foreground_graphics None
			fx_shader ripples
			palette 56
			global_particle_1 wind2
			global_particle_2 wind
			ambience wind.ogg
		</default>
      <need>
			fx_shader_mid cloudripples
			midfx_graphics None
			midfx_layer 2
		</need>
      <art>[Floater, Ghost]</art>
    </tileset>
  </level>
  <level name="4hd-5" reverse="False" secret="False">
    <tileset>
      <default>
			tile_graphics Tiletox
			overlay_graphics Overlaystox
			background_graphics ch4abg
			foreground_graphics None
			fx_shader ripples
			palette 56
			global_particle_1 wind2
			global_particle_2 wind
			ambience wind.ogg
		</default>
      <need>
			fx_shader_mid cloudripples
			midfx_graphics None
			midfx_layer 2
		</need>
      <art>[Floater, Ghost]</art>
    </tileset>
  </level>
  <level name="4ln-1" reverse="False" secret="False">
    <tileset>
      <default>
	    tile_graphics Tiletox2
		overlay_graphics Overlaystox2
		background_graphics bgsolid
		foreground_graphics None
		fx_shader sludgeripples
		palette 57
		global_particle_1 cold
		global_particle_2 mist2
		decoration_1 Deco10
		decoration_2 Deco11
		decoration_3 none
		fx_shader_mid lighting
		midfx_graphics ShadeBox
		midfx_layer 2
		tile_particle_1 drip
		shader_param 0
		#global_particle_1 lightingtest
		ambience caves.ogg
	  </default>
      <art>[MiniFly, MiniWisp][MiniRat, MiniRatWhite][MiniFrog, MiniFrogWhite][OrbSmall, orbblob][OrbChomp, MovingOrbBlob]</art>
    </tileset>
  </level>
  <level name="4ln-2" reverse="False" secret="False">
    <tileset>
      <default>
	    tile_graphics Tiletox2
		overlay_graphics Overlaystox2
		background_graphics bgsolid
		foreground_graphics None
		fx_shader sludgeripples
		palette 57
		global_particle_1 cold
		global_particle_2 mist2
		decoration_1 Deco10
		decoration_2 Deco11
		decoration_3 none
		fx_shader_mid lighting
		midfx_graphics ShadeBox
		midfx_layer 2
		tile_particle_1 drip
		shader_param 0
		#global_particle_1 lightingtest
		ambience caves.ogg
	  </default>
      <art>[MiniFly, MiniWisp][MiniRat, MiniRatWhite][MiniFrog, MiniFrogWhite][OrbSmall, orbblob][OrbChomp, MovingOrbBlob]</art>
    </tileset>
  </level>
  <level name="4ln-3" reverse="False" secret="False">
    <tileset>
      <default>
	    tile_graphics Tiletox2
		overlay_graphics Overlaystox2
		background_graphics bgsolid
		foreground_graphics None
		fx_shader sludgeripples
		palette 57
		global_particle_1 cold
		global_particle_2 mist2
		decoration_1 Deco10
		decoration_2 Deco11
		decoration_3 none
		fx_shader_mid lighting
		midfx_graphics ShadeBox
		midfx_layer 2
		tile_particle_1 drip
		shader_param 0
		#global_particle_1 lightingtest
		ambience caves.ogg
	  </default>
      <art>[MiniFly, MiniWisp][MiniRat, MiniRatWhite][MiniFrog, MiniFrogWhite][OrbSmall, orbblob][OrbChomp, MovingOrbBlob]</art>
    </tileset>
  </level>
  <level name="4ln-4" reverse="False" secret="False">
    <tileset>
      <default>
	    tile_graphics Tiletox2
		overlay_graphics Overlaystox2
		background_graphics bgsolid
		foreground_graphics None
		fx_shader sludgeripples
		palette 57
		global_particle_1 cold
		global_particle_2 mist2
		decoration_1 Deco10
		decoration_2 Deco11
		decoration_3 none
		fx_shader_mid lighting
		midfx_graphics ShadeBox
		midfx_layer 2
		tile_particle_1 drip
		shader_param 0
		#global_particle_1 lightingtest
		ambience caves.ogg
	  </default>
      <art>[MiniFly, MiniWisp][MiniRat, MiniRatWhite][MiniFrog, MiniFrogWhite][OrbSmall, orbblob][OrbChomp, MovingOrbBlob]</art>
    </tileset>
  </level>
  <level name="4ln-5" reverse="False" secret="False">
    <tileset>
      <default>
	    tile_graphics Tiletox2
		overlay_graphics Overlaystox2
		background_graphics bgsolid
		foreground_graphics None
		fx_shader sludgeripples
		palette 57
		global_particle_1 cold
		global_particle_2 mist2
		decoration_1 Deco10
		decoration_2 Deco11
		decoration_3 none
		fx_shader_mid lighting
		midfx_graphics ShadeBox
		midfx_layer 2
		tile_particle_1 drip
		shader_param 0
		#global_particle_1 lightingtest
		ambience caves.ogg
	  </default>
      <art>[MiniFly, MiniWisp][MiniRat, MiniRatWhite][MiniFrog, MiniFrogWhite][OrbSmall, orbblob][OrbChomp, MovingOrbBlob]</art>
    </tileset>
  </level>
  <level name="5bt-3" reverse="False" secret="False">
    <tileset>
      <default>
			tile_graphics Tilecomplex
			overlay_graphics Overlayscomplex
			background_graphics field2bg
			foreground_graphics None
			fx_shader gravripples
			palette 9
			fx_shader_mid cloudripples
			midfx_layer 2
			tile_particle_1 spark2
			tile_particle_2 smoke
			global_particle_1 rocks
			music [hmk_secret_intro.ogg, hmk_secret_loop.ogg]
			ambience labloop.ogg
		  </default>
    </tileset>
  </level>
  <level name="5ol-1" reverse="False" secret="False">
    <tileset>
      <default>
	    tile_graphics Tilecomplex
		overlay_graphics Overlayscomplex
		background_graphics field2bg
		foreground_graphics None
		fx_shader gravripples
		palette 53
		fx_shader_mid cloudripples
		midfx_layer 2
		shader_param 0.6
		fx_shader_mid lighting
		midfx_graphics ShadeBox
		midfx_layer 2
		tile_particle_1 spark2
		tile_particle_2 smoke
		global_particle_1 rocks
		ambience labloop.ogg
	  </default>
    </tileset>
  </level>
  <level name="5ol-2" reverse="False" secret="False">
    <tileset>
      <default>
	    tile_graphics Tilecomplex
		overlay_graphics Overlayscomplex
		background_graphics field2bg
		foreground_graphics None
		fx_shader gravripples
		palette 53
		fx_shader_mid cloudripples
		midfx_layer 2
		shader_param 0.6
		fx_shader_mid lighting
		midfx_graphics ShadeBox
		midfx_layer 2
		tile_particle_1 spark2
		tile_particle_2 smoke
		global_particle_1 rocks
		ambience labloop.ogg
	  </default>
    </tileset>
  </level>
  <level name="5ol-3" reverse="False" secret="False">
    <tileset>
      <default>
	    tile_graphics Tilecomplex
		overlay_graphics Overlayscomplex
		background_graphics field2bg
		foreground_graphics None
		fx_shader gravripples
		palette 53
		fx_shader_mid cloudripples
		midfx_layer 2
		shader_param 0.6
		fx_shader_mid lighting
		midfx_graphics ShadeBox
		midfx_layer 2
		tile_particle_1 spark2
		tile_particle_2 smoke
		global_particle_1 rocks
		ambience labloop.ogg
	  </default>
    </tileset>
  </level>
</pool>