﻿<?xml version="1.0" encoding="utf-8"?>
<root>
  <default>
    <NumLevels>30</NumLevels>
    <NumAreas>1</NumAreas>
    <UseDefaultMusic>false</UseDefaultMusic>
    <UseDefaultPalettes>false</UseDefaultPalettes>
    <MusicPerLevel>false</MusicPerLevel>
    <PalettePerLevel>true</PalettePerLevel>
    <DoShaders>true</DoShaders>
    <DoParticles>true</DoParticles>
    <DoOverlays>true</DoOverlays>
    <DoTileGraphics>true</DoTileGraphics>
    <DoNevermoreTilt>true</DoNevermoreTilt>
    <DoExodusWobble>true</DoExodusWobble>
    <DoNPCs>false</DoNPCs>
    <UseCommonTileset>false</UseCommonTileset>
    <CacheRuns>0</CacheRuns>
    <AutoRefresh>true</AutoRefresh>
    <AreaType>4</AreaType>
    <RepeatTolerance>0</RepeatTolerance>
    <AltLevel>2</AltLevel>
  </default>
</root>