﻿<?xml version="1.0" encoding="utf-8"?>
<pool enabled="True">
  <tileset>
    <default>
		tile_graphics Tilecaves
		overlay_graphics Overlayscaves
		background_graphics ch3bg
		foreground_graphics None
		fx_shader reflectionripples
		fx_shader_mid distortionparticles
		palette 12
		midfx_layer 1
		music [1812_intro_dark.ogg, 1812_loop_dark.ogg]
		global_particle_1 none
		global_particle_2 none
		global_particle_3 none
	</default>
    <need>
		tile_particle_1 waterfall
		tile_particle_2 waterfall_splash
		tile_particle_3 bubbles
		tile_particle_4 drip
	</need>
    <art>[OrbSmall, orbblob][ChainLink, None][ChainLink2, None]</art>
  </tileset>
  <level>
    <name>3d-1</name>
  </level>
  <level>
    <name>3d-2</name>
  </level>
  <level>
    <name>3d-3</name>
  </level>
  <level>
    <name>3d-4</name>
  </level>
  <level>
    <name>3d-5</name>
  </level>
  <level>
    <name>3d-6</name>
  </level>
  <level>
    <name>3d-7</name>
  </level>
  <level>
    <name>3d-8</name>
  </level>
  <level>
    <name>3d-9</name>
  </level>
  <level>
    <name>3d-10</name>
  </level>
  <level>
    <name>3d-11</name>
  </level>
  <level>
    <name>3d-12</name>
  </level>
  <level>
    <name>3d-13</name>
  </level>
  <level>
    <name>3d-14</name>
  </level>
  <level>
    <name>3d-15</name>
  </level>
  <level>
    <name>3d-16</name>
  </level>
  <level>
    <name>3d-17</name>
  </level>
  <level>
    <name>3d-18</name>
  </level>
  <level>
    <name>3d-19</name>
  </level>
  <level>
    <name>3d-20</name>
  </level>
</pool>