﻿<?xml version="1.0" encoding="utf-8"?>
<pool enabled="True">
  <tileset>
    <default>
		tile_graphics Tileretro
		overlay_graphics Overlaysretro
		background_graphics bgretrox
		foreground_graphics none
		music [retro/requiem_intro.ogg, retro/requiem_loop.ogg]
		global_particle_1 none
		global_particle_2 none
		global_particle_3 none
	</default>
    <art>[Player, PlayerRetro][Frog, Frogretro][Floater, RetroGhost][Slug, Slugretro][SkullFloater, SkullFloaterretro][Gasser, Gasserretro][Splatter, Splatterretro][CheepCheep, cheepretro][Bullet, bulletretro][SpitterX, SpitterXretro][SpitterY, SpitterYretro][AimSpitter, SpitterZretro][Cannonball, cannonballretro][Fireball, cannonballfireretro][Hopper, hopperretro][SkullSlug, SkullSlugretro][SkullCrow, SkullCrowretro][ChainChomp, ChainChompretro][ChainLink, ChainLinkretro][ChainLink2, ChainLinkretro][Mask, Maskretro][Revolver, Revolverretro][GasCloud, GasCloudretro][Cannon,Cannonretro][Cannonstand,Cannonstandretro][Bouncer,Bouncerretro][ElectroBall, RetroElectroBall][OrbSmall, RetroOrbSmall][OrbLarge, RetroOrbLarge][ChargeSlug, RetroChargerSlug][Fish, RetroFish][CreepingMass, CreepingMassRetro]</art>
  </tileset>
  <level>
    <name>i1-1</name>
    <tileset>
      <default>
		palette 46
		music [retro/requiem_intro.ogg, retro/requiem_loop.ogg]
	</default>
    </tileset>
  </level>
  <level>
    <name>i1-2</name>
    <tileset>
      <default>
			palette 46
			music [retro/requiem_intro.ogg, retro/requiem_loop.ogg]
		</default>
    </tileset>
  </level>
  <level>
    <name>i1-3</name>
    <tileset>
      <default>
				palette 46
				music [retro/requiem_intro.ogg, retro/requiem_loop.ogg]
			</default>
    </tileset>
  </level>
  <level>
    <name>i1-4</name>
    <tileset>
      <default>
			palette 46
			music [retro/requiem_intro.ogg, retro/requiem_loop.ogg]
		</default>
    </tileset>
  </level>
  <level>
    <name>i1-5</name>
    <tileset>
      <default>
			palette 46
			music [retro/requiem_intro.ogg, retro/requiem_loop.ogg]
		</default>
    </tileset>
  </level>
  <level>
    <name>i1-6</name>
    <tileset>
      <default>
			palette 46
			music [retro/requiem_intro.ogg, retro/requiem_loop.ogg]
		</default>
    </tileset>
  </level>
  <level>
    <name>i1-7</name>
    <tileset>
      <default>
			palette 46
			music [retro/requiem_intro.ogg, retro/requiem_loop.ogg]
		</default>
    </tileset>
  </level>
  <level>
    <name>i1-8</name>
    <tileset>
      <default>
			palette 46
			music [retro/requiem_intro.ogg, retro/requiem_loop.ogg]
		</default>
    </tileset>
  </level>
  <level>
    <name>i2-2</name>
    <tileset>
      <default>
			palette 47
			music [retro/requiem_intro.ogg, retro/requiem_loop.ogg]
		</default>
    </tileset>
  </level>
  <level>
    <name>i2-3</name>
    <tileset>
      <default>
				palette 47
				music [retro/requiem_intro.ogg, retro/requiem_loop.ogg]
			</default>
    </tileset>
  </level>
  <level>
    <name>i2-4</name>
    <tileset>
      <default>
				palette 47
				music [retro/requiem_intro.ogg, retro/requiem_loop.ogg]
			</default>
    </tileset>
  </level>
  <level>
    <name>i2-5</name>
    <tileset>
      <default>
				palette 47
				music [retro/requiem_intro.ogg, retro/requiem_loop.ogg]
			</default>
    </tileset>
  </level>
  <level>
    <name>i2-6</name>
    <tileset>
      <default>
				palette 47
				music [retro/requiem_intro.ogg, retro/requiem_loop.ogg]
			</default>
    </tileset>
  </level>
  <level>
    <name>i2-7</name>
    <tileset>
      <default>
				palette 47
				music [retro/requiem_intro.ogg, retro/requiem_loop.ogg]
			</default>
    </tileset>
  </level>
  <level>
    <name>i3-2</name>
    <tileset>
      <default>
				palette 48
				music [retro/requiem_intro.ogg, retro/requiem_loop.ogg]
			</default>
    </tileset>
  </level>
  <level>
    <name>i3-3</name>
    <tileset>
      <default>
				palette 48
				music [retro/requiem_intro.ogg, retro/requiem_loop.ogg]
			</default>
    </tileset>
  </level>
  <level>
    <name>i3-4</name>
    <tileset>
      <default>
				palette 48
				music [retro/requiem_intro.ogg, retro/requiem_loop.ogg]
			</default>
    </tileset>
  </level>
  <level>
    <name>i3-5</name>
    <tileset>
      <default>
				palette 48
				music [retro/requiem_intro.ogg, retro/requiem_loop.ogg]
			</default>
    </tileset>
  </level>
  <level>
    <name>i3-6</name>
    <tileset>
      <default>
				palette 48
				music [retro/requiem_intro.ogg, retro/requiem_loop.ogg]
			</default>
    </tileset>
  </level>
  <level>
    <name>i4-1</name>
    <tileset>
      <default>
				palette 45
				music [retro/requiem_intro.ogg, retro/requiem_loop.ogg]
			</default>
    </tileset>
  </level>
  <level>
    <name>i4-2</name>
    <tileset>
      <default>
				palette 45
				music [retro/requiem_intro.ogg, retro/requiem_loop.ogg]
			</default>
    </tileset>
  </level>
  <level>
    <name>i4-3</name>
    <tileset>
      <default>
				palette 45
				music [retro/requiem_intro.ogg, retro/requiem_loop.ogg]
			</default>
    </tileset>
  </level>
  <level>
    <name>i4-4</name>
    <tileset>
      <default>
				palette 45
				music [retro/requiem_intro.ogg, retro/requiem_loop.ogg]
			</default>
    </tileset>
  </level>
  <level>
    <name>i4-5</name>
    <tileset>
      <default>
				palette 45
				music [retro/requiem_intro.ogg, retro/requiem_loop.ogg]
			</default>
    </tileset>
  </level>
  <level>
    <name>i4-6</name>
    <tileset>
      <default>
				palette 45
				music [retro/requiem_intro.ogg, retro/requiem_loop.ogg]
			</default>
    </tileset>
  </level>
  <level>
    <name>i5-1</name>
    <tileset>
      <default>
				palette 49
				music [retro/requiem_intro.ogg, retro/requiem_loop.ogg]
			</default>
    </tileset>
  </level>
  <level>
    <name>i5-2</name>
    <tileset>
      <default>
				palette 49
				music [retro/requiem_intro.ogg, retro/requiem_loop.ogg]
			</default>
    </tileset>
  </level>
  <level>
    <name>i5-4</name>
    <tileset>
      <default>
				palette 49
				music [retro/requiem_intro.ogg, retro/requiem_loop.ogg]
			</default>
    </tileset>
  </level>
</pool>