﻿<?xml version="1.0" encoding="utf-8"?>
<pool enabled="True">
  <tileset>
    <default>
		tile_graphics Tilecaves
		overlay_graphics Overlayscaves
		background_graphics ch3bg
		foreground_graphics None
		palette 3
		music [1812_intro.ogg, 1812_loop.ogg]
		ambience ruins.ogg
		global_particle_1 none
		global_particle_2 none
		global_particle_3 none
	</default>
    <need>
		fx_shader reflectionripples
		fx_shader_mid distortionparticles
		midfx_layer 1
		midfx_graphics None
		tile_particle_1 waterfall
		tile_particle_2 waterfall_splash
		tile_particle_3 bubbles
		tile_particle_4 drip    
		decoration_1 Decoration4
		decoration_2 Decoration5
	</need>
  </tileset>
  <level>
    <name>3-1</name>
  </level>
  <level>
    <name>3-2</name>
  </level>
  <level>
    <name>3-3</name>
  </level>
  <level>
    <name>3-4</name>
  </level>
  <level>
    <name>3-5</name>
  </level>
  <level>
    <name>3-6</name>
  </level>
  <level>
    <name>3-7</name>
  </level>
  <level>
    <name>3-8</name>
    <tileset>
      <need>
				fx_shader sludgeripples 
				tile_particle_1 toxwaterfall
				tile_particle_2 toxwaterfall_splash
			</need>
    </tileset>
  </level>
  <level>
    <name>3-9</name>
    <tileset>
      <need>
				fx_shader sludgeripples 
				tile_particle_1 toxwaterfall
				tile_particle_2 toxwaterfall_splash
			</need>
    </tileset>
  </level>
  <level>
    <name>3-10</name>
    <tileset>
      <need>
			fx_shader sludgeripples 
			tile_particle_1 toxwaterfall
			tile_particle_2 toxwaterfall_splash
		</need>
    </tileset>
  </level>
  <level>
    <name>3-11</name>
    <tileset>
      <need>
			fx_shader sludgeripples 
			tile_particle_1 toxwaterfall
			tile_particle_2 toxwaterfall_splash
		</need>
    </tileset>
  </level>
  <level>
    <name>3-12</name>
    <tileset>
      <need>
			fx_shader sludgeripples 
			tile_particle_1 toxwaterfall
			tile_particle_2 toxwaterfall_splash
		</need>
    </tileset>
  </level>
  <level>
    <name>3-13</name>
    <tileset>
      <need>
			fx_shader sludgeripples 
			tile_particle_1 toxwaterfall
			tile_particle_2 toxwaterfall_splash
		</need>
    </tileset>
  </level>
  <level>
    <name>3-14</name>
    <tileset>
      <need>
		fx_shader sludgeripples 
		tile_particle_1 toxwaterfall
		tile_particle_2 toxwaterfall_splash
		fx_shader_mid cloudripples
		midfx_graphics None
		midfx_layer 2
	  </need>
    </tileset>
  </level>
  <level>
    <name>3-15</name>
    <tileset>
      <need>
				fx_shader sludgeripples 
				tile_particle_1 toxwaterfall
				tile_particle_2 toxwaterfall_splash
				fx_shader_mid cloudripples
				midfx_graphics None
				midfx_layer 2
			</need>
    </tileset>
  </level>
  <level>
    <name>3-16</name>
    <tileset>
      <need>
				fx_shader sludgeripples 
				tile_particle_1 toxwaterfall
				tile_particle_2 toxwaterfall_splash
				fx_shader_mid cloudripples
				midfx_graphics None
				midfx_layer 2
			</need>
    </tileset>
  </level>
  <level>
    <name>3-17</name>
    <tileset>
      <need>
				fx_shader sludgeripples 
				tile_particle_1 toxwaterfall
				tile_particle_2 toxwaterfall_splash
				fx_shader_mid cloudripples
				midfx_graphics None
				midfx_layer 2
			</need>
    </tileset>
  </level>
  <level>
    <name>3-18</name>
    <tileset>
      <need>
				fx_shader sludgeripples 
				tile_particle_1 toxwaterfall
				tile_particle_2 toxwaterfall_splash
				fx_shader_mid cloudripples
				midfx_graphics None
				midfx_layer 2
			</need>
    </tileset>
  </level>
  <level>
    <name>3-19</name>
    <tileset>
      <need>
				fx_shader sludgeripples 
				tile_particle_1 toxwaterfall
				tile_particle_2 toxwaterfall_splash
				fx_shader_mid cloudripples
				midfx_graphics None
				midfx_layer 2
			</need>
    </tileset>
  </level>
  <level>
    <name>3-20</name>
    <tileset>
      <need>
				fx_shader sludgeripples 
				tile_particle_1 toxwaterfall
				tile_particle_2 toxwaterfall_splash
				fx_shader_mid cloudripples
				midfx_graphics None
				midfx_layer 2
			</need>
    </tileset>
  </level>
</pool>