﻿<?xml version="1.0" encoding="utf-8"?>
<root>
  <default>
    <NumLevels>30</NumLevels>
    <NumAreas>1</NumAreas>
    <UseDefaultMusic>false</UseDefaultMusic>
    <UseDefaultPalettes>false</UseDefaultPalettes>
    <MusicPerLevel>false</MusicPerLevel>
    <PalettePerLevel>true</PalettePerLevel>
    <DoShaders>true</DoShaders>
    <DoParticles>true</DoParticles>
    <DoOverlays>true</DoOverlays>
    <DoTileGraphics>true</DoTileGraphics>
    <DoNevermoreTilt>true</DoNevermoreTilt>
    <DoExodusWobble>true</DoExodusWobble>
    <DoNPCs>false</DoNPCs>
    <UseAreaTileset>false</UseAreaTileset>
    <CacheRuns>0</CacheRuns>
    <AutoRefresh>false</AutoRefresh>
    <AreaType>0</AreaType>
    <RepeatTolerance>0</RepeatTolerance>
    <AltLevel>2</AltLevel>
    <MaxParticles>1000</MaxParticles>
    <GenerateCustomParticles>false</GenerateCustomParticles>
    <GameDirectory>C:\Program Files (x86)\Steam\steamapps\common\theendisnigh/</GameDirectory>
    <MaxParticleEffects>2</MaxParticleEffects>
    <ManualLoad>true</ManualLoad>
    <DoCorruptions>false</DoCorruptions>
    <MirrorMode>false</MirrorMode>
    <DeadRacer>false</DeadRacer>
    <CartLives>19</CartLives>
    <PlatformPhysics>true</PlatformPhysics>
  </default>
</root>