﻿<?xml version="1.0" encoding="utf-8"?>
<pool enabled="False" source="The End is Nigh" author="Aurielle" order="16">
  <tileset>
    <default>
		tile_graphics Tileretro
		overlay_graphics Overlaysretro
		background_graphics bgretrox
		foreground_graphics none
		music [retro/requiem_intro.ogg, retro/requiem_loop.ogg]
		global_particle_1 none
		global_particle_2 none
		global_particle_3 none
	</default>
    <art>[Player, PlayerRetro][Frog, Frogretro][Floater, RetroGhost][Slug, Slugretro][SkullFloater, SkullFloaterretro][Gasser, Gasserretro][Splatter, Splatterretro][CheepCheep, cheepretro][Bullet, bulletretro][SpitterX, SpitterXretro][SpitterY, SpitterYretro][AimSpitter, SpitterZretro][Cannonball, cannonballretro][Fireball, cannonballfireretro][Hopper, hopperretro][SkullSlug, SkullSlugretro][SkullCrow, SkullCrowretro][ChainChomp, ChainChompretro][ChainLink, ChainLinkretro][ChainLink2, ChainLinkretro][Mask, Maskretro][Revolver, Revolverretro][GasCloud, GasCloudretro][Cannon,Cannonretro][Cannonstand,Cannonstandretro][Bouncer,Bouncerretro][ElectroBall, RetroElectroBall][OrbSmall, RetroOrbSmall][OrbLarge, RetroOrbLarge][ChargeSlug, RetroChargerSlug][Fish, RetroFish][CreepingMass, CreepingMassRetro]</art>
  </tileset>
  <level name="conqi1-1" reverse="False" secret="False">
    <tileset>
      <default>
		palette 46
		music [retro/requiem_intro.ogg, retro/requiem_loop.ogg]
	</default>
    </tileset>
  </level>
  <level name="conqi1-2" reverse="False" secret="False">
    <tileset>
      <default>
			palette 46
			music [retro/requiem_intro.ogg, retro/requiem_loop.ogg]
		</default>
    </tileset>
  </level>
  <level name="conqi1-3" reverse="False" secret="False">
    <tileset>
      <default>
				palette 46
				music [retro/requiem_intro.ogg, retro/requiem_loop.ogg]
			</default>
    </tileset>
  </level>
  <level name="conqi1-4" reverse="False" secret="False">
    <tileset>
      <default>
			palette 46
			music [retro/requiem_intro.ogg, retro/requiem_loop.ogg]
		</default>
    </tileset>
  </level>
  <level name="conqi1-5" reverse="False" secret="False">
    <tileset>
      <default>
			palette 46
			music [retro/requiem_intro.ogg, retro/requiem_loop.ogg]
		</default>
    </tileset>
  </level>
  <level name="conqi1-6" reverse="False" secret="False">
    <tileset>
      <default>
			palette 46
			music [retro/requiem_intro.ogg, retro/requiem_loop.ogg]
		</default>
    </tileset>
  </level>
  <level name="conqi1-7" reverse="False" secret="False">
    <tileset>
      <default>
			palette 46
			music [retro/requiem_intro.ogg, retro/requiem_loop.ogg]
		</default>
    </tileset>
  </level>
  <level name="conqi1-8" reverse="False" secret="False">
    <tileset>
      <default>
			palette 46
			music [retro/requiem_intro.ogg, retro/requiem_loop.ogg]
		</default>
    </tileset>
  </level>
  <level name="conqi2-1" reverse="False" secret="False">
    <tileset>
      <default>
			palette 47
			music [retro/requiem_intro.ogg, retro/requiem_loop.ogg]
		</default>
    </tileset>
  </level>
  <level name="conqi2-2" reverse="False" secret="False">
    <tileset>
      <default>
			palette 47
			music [retro/requiem_intro.ogg, retro/requiem_loop.ogg]
		</default>
    </tileset>
  </level>
  <level name="conqi2-3" reverse="False" secret="False">
    <tileset>
      <default>
				palette 47
				music [retro/requiem_intro.ogg, retro/requiem_loop.ogg]
			</default>
    </tileset>
  </level>
  <level name="conqi2-4" reverse="False" secret="False">
    <tileset>
      <default>
				palette 47
				music [retro/requiem_intro.ogg, retro/requiem_loop.ogg]
			</default>
    </tileset>
  </level>
  <level name="conqi2-5" reverse="False" secret="False">
    <tileset>
      <default>
				palette 47
				music [retro/requiem_intro.ogg, retro/requiem_loop.ogg]
			</default>
    </tileset>
  </level>
  <level name="conqi2-6" reverse="False" secret="False">
    <tileset>
      <default>
				palette 47
				music [retro/requiem_intro.ogg, retro/requiem_loop.ogg]
			</default>
    </tileset>
  </level>
  <level name="conqi2-7" reverse="False" secret="False">
    <tileset>
      <default>
				palette 47
				music [retro/requiem_intro.ogg, retro/requiem_loop.ogg]
			</default>
    </tileset>
  </level>
  <level name="conqi3-1x" reverse="False" secret="False">
    <tileset>
      <default>
				palette 48
				music [retro/requiem_intro.ogg, retro/requiem_loop.ogg]
			</default>
    </tileset>
  </level>
  <level name="conqi3-2" reverse="False" secret="False">
    <tileset>
      <default>
				palette 48
				music [retro/requiem_intro.ogg, retro/requiem_loop.ogg]
			</default>
    </tileset>
  </level>
  <level name="conqi3-3" reverse="False" secret="False">
    <tileset>
      <default>
				palette 48
				music [retro/requiem_intro.ogg, retro/requiem_loop.ogg]
			</default>
    </tileset>
  </level>
  <level name="conqi3-4" reverse="False" secret="False">
    <tileset>
      <default>
				palette 48
				music [retro/requiem_intro.ogg, retro/requiem_loop.ogg]
			</default>
    </tileset>
  </level>
  <level name="conqi3-5" reverse="False" secret="False">
    <tileset>
      <default>
				palette 48
				music [retro/requiem_intro.ogg, retro/requiem_loop.ogg]
			</default>
    </tileset>
  </level>
  <level name="conqi3-6" reverse="False" secret="False">
    <tileset>
      <default>
				palette 48
				music [retro/requiem_intro.ogg, retro/requiem_loop.ogg]
			</default>
    </tileset>
  </level>
  <level name="conqi4-1x" reverse="False" secret="False">
    <tileset>
      <default>
				palette 45
				music [retro/requiem_intro.ogg, retro/requiem_loop.ogg]
			</default>
    </tileset>
  </level>
  <level name="conqi4-2" reverse="False" secret="False">
    <tileset>
      <default>
				palette 45
				music [retro/requiem_intro.ogg, retro/requiem_loop.ogg]
			</default>
    </tileset>
  </level>
  <level name="conqi4-5" reverse="False" secret="False">
    <tileset>
      <default>
				palette 45
				music [retro/requiem_intro.ogg, retro/requiem_loop.ogg]
			</default>
    </tileset>
  </level>
  <level name="conqi4-6x" reverse="False" secret="False">
    <tileset>
      <default>
				palette 45
				music [retro/requiem_intro.ogg, retro/requiem_loop.ogg]
			</default>
    </tileset>
  </level>
  <level name="conqi5-4" reverse="False" secret="False">
    <tileset>
      <default>
				palette 49
				music [retro/requiem_intro.ogg, retro/requiem_loop.ogg]
			</default>
    </tileset>
  </level>
</pool>