﻿<?xml version="1.0" encoding="utf-8"?>
<pool enabled="True" source="The End is Nigh" author="" order="17">
  <tileset>
    <default>
		tile_graphics TileGlitch
		overlay_graphics Overlaysretro
		background_graphics bgretro
		foreground_graphics none
		global_particle_1 none
		global_particle_2 none
		global_particle_3 none
	</default>
    <art>[ChainLink2, None][Player, PlayerRetro][Frog, Frogretro][Floater, FloaterGlitch][Slug, Slugretro][SkullFloater, SkullFloaterretro][Gasser, Gasserretro][Splatter, Splatterretro][CheepCheep, cheepretro][Bullet, bulletretro][SpitterX, SpitterXretro][SpitterY, SpitterYretro][AimSpitter, SpitterZretro][Cannonball, cannonballretro][Fireball, cannonballfireretro][Hopper, hopperretro][SkullSlug, SkullSlugretro][SkullCrow, SkullCrowretro][ChainChomp, ChainChompretro][ChainLink2, none][ChainLink, ChainLinkretro][Mask, Maskretro][Revolver, Revolverretro][GasCloud, GasCloudretro][Cannon,Cannonretro][Cannonstand,Cannonstandretro][Bouncer,Bouncerretro][ChainHitch,ChainHitchRetro][OrbLarge, pacman]</art>
  </tileset>
  <level name="g0-1" reverse="False" secret="False">
    <tileset>
      <default>
				palette 43
				music [glitch/homk_intro.ogg, glitch/homk_loop.ogg]
			</default>
    </tileset>
  </level>
  <level name="g0-10" reverse="False" secret="False">
    <tileset>
      <default>
			palette 43
			music [glitch/homk_intro.ogg, glitch/homk_loop.ogg]
		</default>
      <need>
		fx_shader sludgeripples 
		tile_particle_1 toxwaterfall
		tile_particle_2 toxwaterfall_splash
		fx_shader_mid cloudripples
		midfx_graphics None
		midfx_layer 2
	  </need>
    </tileset>
  </level>
  <level name="g0-2" reverse="False" secret="False">
    <tileset>
      <default>
				palette 43
				music [glitch/homk_intro.ogg, glitch/homk_loop.ogg]
			</default>
    </tileset>
  </level>
  <level name="g0-3" reverse="False" secret="False">
    <tileset>
      <default>
				palette 43
				music [glitch/homk_intro.ogg, glitch/homk_loop.ogg]
			</default>
    </tileset>
  </level>
  <level name="g0-4" reverse="False" secret="False">
    <tileset>
      <default>
				palette 43
				music [glitch/homk_intro.ogg, glitch/homk_loop.ogg]
			</default>
    </tileset>
  </level>
  <level name="g0-5" reverse="False" secret="False">
    <tileset>
      <default>
				palette 43
				music [glitch/homk_intro.ogg, glitch/homk_loop.ogg]
			</default>
    </tileset>
  </level>
  <level name="g0-6" reverse="False" secret="False">
    <tileset>
      <default>
				palette 43
				music [glitch/homk_intro.ogg, glitch/homk_loop.ogg]
			</default>
    </tileset>
  </level>
  <level name="g0-7" reverse="False" secret="False">
    <tileset>
      <default>
				palette 43
				music [glitch/homk_intro.ogg, glitch/homk_loop.ogg]
			</default>
    </tileset>
  </level>
  <level name="g0-8" reverse="False" secret="False">
    <tileset>
      <default>
				palette 43
				music [glitch/homk_intro.ogg, glitch/homk_loop.ogg]
			</default>
    </tileset>
  </level>
  <level name="g0-9" reverse="False" secret="False">
    <tileset>
      <default>
			palette 43
			music [glitch/homk_intro.ogg, glitch/homk_loop.ogg]
		</default>
      <need>
		fx_shader sludgeripples 
		tile_particle_1 toxwaterfall
		tile_particle_2 toxwaterfall_splash
		fx_shader_mid cloudripples
		midfx_graphics None
		midfx_layer 2
	  </need>
    </tileset>
  </level>
  <level name="g1-1" reverse="False" secret="False">
    <tileset>
      <default>
				palette 27
				music [glitch/dance_intro.ogg, glitch/dance_loop.ogg]
			</default>
    </tileset>
  </level>
  <level name="g1-1a" reverse="False" secret="False">
    <tileset>
      <default>
				palette 27
				music [glitch/dance_intro.ogg, glitch/dance_loop.ogg]
			</default>
    </tileset>
  </level>
  <level name="g1-2" reverse="False" secret="False">
    <tileset>
      <default>
				palette 27
				music [glitch/dance_intro.ogg, glitch/dance_loop.ogg]
			</default>
    </tileset>
  </level>
  <level name="g1-2a" reverse="False" secret="False">
    <tileset>
      <default>
				palette 27
				music [glitch/dance_intro.ogg, glitch/dance_loop.ogg]
			</default>
    </tileset>
  </level>
  <level name="g1-3" reverse="False" secret="False">
    <tileset>
      <default>
				palette 27
				music [glitch/dance_intro.ogg, glitch/dance_loop.ogg]
			</default>
    </tileset>
  </level>
  <level name="g1-3a" reverse="False" secret="False">
    <tileset>
      <default>
				palette 27
				music [glitch/dance_intro.ogg, glitch/dance_loop.ogg]
			</default>
    </tileset>
  </level>
  <level name="g1-4" reverse="False" secret="False">
    <tileset>
      <default>
				palette 27
				music [glitch/dance_intro.ogg, glitch/dance_loop.ogg]
			</default>
    </tileset>
  </level>
  <level name="g1-4a" reverse="False" secret="False">
    <tileset>
      <default>
				palette 27
				music [glitch/dance_intro.ogg, glitch/dance_loop.ogg]
			</default>
    </tileset>
  </level>
  <level name="g1-5" reverse="False" secret="False">
    <tileset>
      <default>
				palette 27
				music [glitch/dance_intro.ogg, glitch/dance_loop.ogg]
			</default>
    </tileset>
  </level>
  <level name="g1-6" reverse="False" secret="False">
    <tileset>
      <default>
				palette 27
				music [glitch/dance_intro.ogg, glitch/dance_loop.ogg]
			</default>
    </tileset>
  </level>
  <level name="g1-6a" reverse="False" secret="False">
    <tileset>
      <default>
				palette 27
				music [glitch/dance_intro.ogg, glitch/dance_loop.ogg]
			</default>
    </tileset>
  </level>
  <level name="g1-7" reverse="False" secret="False">
    <tileset>
      <default>
				palette 27
				music [glitch/dance_intro.ogg, glitch/dance_loop.ogg]
			</default>
    </tileset>
  </level>
  <level name="g1-7a" reverse="False" secret="False">
    <tileset>
      <default>
				palette 27
				music [glitch/dance_intro.ogg, glitch/dance_loop.ogg]
			</default>
    </tileset>
  </level>
  <level name="g1-8" reverse="False" secret="False">
    <tileset>
      <default>
				palette 27
				music [glitch/dance_intro.ogg, glitch/dance_loop.ogg]
			</default>
    </tileset>
  </level>
  <level name="g1-8a" reverse="False" secret="False">
    <tileset>
      <default>
				palette 27
				music [glitch/dance_intro.ogg, glitch/dance_loop.ogg]
			</default>
    </tileset>
  </level>
  <level name="g1-9" reverse="False" secret="False">
    <tileset>
      <default>
				palette 27
				music [glitch/dance_intro.ogg, glitch/dance_loop.ogg]
			</default>
    </tileset>
  </level>
  <level name="g1-9a" reverse="False" secret="False">
    <tileset>
      <default>
				palette 27
				music [glitch/dance_intro.ogg, glitch/dance_loop.ogg]
			</default>
    </tileset>
  </level>
  <level name="g2-1" reverse="False" secret="False">
    <tileset>
      <default>
				palette 28
				music [glitch/nobm_intro.ogg, glitch/nobm_loop.ogg]
			</default>
    </tileset>
  </level>
  <level name="g2-10" reverse="False" secret="False">
    <tileset>
      <default>
				palette 28
				music [glitch/nobm_intro.ogg, glitch/nobm_loop.ogg]
			</default>
    </tileset>
  </level>
  <level name="g2-2" reverse="False" secret="False">
    <tileset>
      <default>
				palette 28
				music [glitch/nobm_intro.ogg, glitch/nobm_loop.ogg]
			</default>
    </tileset>
  </level>
  <level name="g2-3" reverse="False" secret="False">
    <tileset>
      <default>
				palette 28
				music [glitch/nobm_intro.ogg, glitch/nobm_loop.ogg]
			</default>
    </tileset>
  </level>
  <level name="g2-4" reverse="False" secret="False">
    <tileset>
      <default>
				palette 28
				music [glitch/nobm_intro.ogg, glitch/nobm_loop.ogg]
			</default>
    </tileset>
  </level>
  <level name="g2-5" reverse="False" secret="False">
    <tileset>
      <default>
				palette 28
				music [glitch/nobm_intro.ogg, glitch/nobm_loop.ogg]
			</default>
    </tileset>
  </level>
  <level name="g2-6" reverse="False" secret="False">
    <tileset>
      <default>
				palette 28
				music [glitch/nobm_intro.ogg, glitch/nobm_loop.ogg]
			</default>
    </tileset>
  </level>
  <level name="g2-7" reverse="False" secret="False">
    <tileset>
      <default>
				palette 28
				music [glitch/nobm_intro.ogg, glitch/nobm_loop.ogg]
			</default>
    </tileset>
  </level>
  <level name="g2-8" reverse="False" secret="False">
    <tileset>
      <default>
				palette 28
				music [glitch/nobm_intro.ogg, glitch/nobm_loop.ogg]
			</default>
    </tileset>
  </level>
  <level name="g2-9" reverse="False" secret="False">
    <tileset>
      <default>
				palette 28
				music [glitch/nobm_intro.ogg, glitch/nobm_loop.ogg]
			</default>
    </tileset>
  </level>
  <level name="g3-1" reverse="False" secret="False">
    <tileset>
      <default>
				palette 42
				music [glitch/newworld_intro.ogg, glitch/newworld_loop.ogg]
			</default>
    </tileset>
  </level>
  <level name="g3-10" reverse="False" secret="False">
    <tileset>
      <default>
				palette 42
				music [glitch/newworld_intro.ogg, glitch/newworld_loop.ogg]
			</default>
    </tileset>
  </level>
  <level name="g3-2" reverse="False" secret="False">
    <tileset>
      <default>
				palette 42
				music [glitch/newworld_intro.ogg, glitch/newworld_loop.ogg]
			</default>
    </tileset>
  </level>
  <level name="g3-3" reverse="False" secret="False">
    <tileset>
      <default>
				palette 42
				music [glitch/newworld_intro.ogg, glitch/newworld_loop.ogg]
			</default>
    </tileset>
  </level>
  <level name="g3-4" reverse="False" secret="False">
    <tileset>
      <default>
				palette 42
				music [glitch/newworld_intro.ogg, glitch/newworld_loop.ogg]
			</default>
    </tileset>
  </level>
  <level name="g3-5" reverse="False" secret="False">
    <tileset>
      <default>
				palette 42
				music [glitch/newworld_intro.ogg, glitch/newworld_loop.ogg]
			</default>
    </tileset>
  </level>
  <level name="g3-6" reverse="False" secret="False">
    <tileset>
      <default>
				palette 42
				music [glitch/newworld_intro.ogg, glitch/newworld_loop.ogg]
			</default>
    </tileset>
  </level>
  <level name="g3-7" reverse="False" secret="False">
    <tileset>
      <default>
				palette 42
				music [glitch/newworld_intro.ogg, glitch/newworld_loop.ogg]
			</default>
    </tileset>
  </level>
  <level name="g3-8" reverse="False" secret="False">
    <tileset>
      <default>
				palette 42
				music [glitch/newworld_intro.ogg, glitch/newworld_loop.ogg]
			</default>
    </tileset>
  </level>
  <level name="g3-9" reverse="False" secret="False">
    <tileset>
      <default>
				palette 42
				music [glitch/newworld_intro.ogg, glitch/newworld_loop.ogg]
			</default>
    </tileset>
  </level>
  <level name="g4-10" reverse="False" secret="False">
    <tileset>
      <default>
				palette 30
				music [glitch/bumblebee_intro.ogg, glitch/bumblebee_loop.ogg]
			</default>
    </tileset>
  </level>
  <level name="g4-2" reverse="False" secret="False">
    <tileset>
      <default>
				palette 30
				music [glitch/bumblebee_intro.ogg, glitch/bumblebee_loop.ogg]
			</default>
    </tileset>
  </level>
  <level name="g4-3" reverse="False" secret="False">
    <tileset>
      <default>
				palette 30
				music [glitch/bumblebee_intro.ogg, glitch/bumblebee_loop.ogg]
			</default>
    </tileset>
  </level>
  <level name="g4-4" reverse="False" secret="False">
    <tileset>
      <default>
				palette 30
				music [glitch/bumblebee_intro.ogg, glitch/bumblebee_loop.ogg]
			</default>
    </tileset>
  </level>
  <level name="g4-5" reverse="False" secret="False">
    <tileset>
      <default>
				palette 30
				music [glitch/bumblebee_intro.ogg, glitch/bumblebee_loop.ogg]
			</default>
    </tileset>
  </level>
  <level name="g4-6" reverse="False" secret="False">
    <tileset>
      <default>
				palette 30
				music [glitch/bumblebee_intro.ogg, glitch/bumblebee_loop.ogg]
			</default>
    </tileset>
  </level>
  <level name="g4-7" reverse="False" secret="False">
    <tileset>
      <default>
				palette 30
				music [glitch/bumblebee_intro.ogg, glitch/bumblebee_loop.ogg]
			</default>
    </tileset>
  </level>
  <level name="g4-8" reverse="False" secret="False">
    <tileset>
      <default>
				palette 30
				music [glitch/bumblebee_intro.ogg, glitch/bumblebee_loop.ogg]
			</default>
    </tileset>
  </level>
  <level name="g4-9" reverse="False" secret="False">
    <tileset>
      <default>
				palette 30
				music [glitch/bumblebee_intro.ogg, glitch/bumblebee_loop.ogg]
			</default>
    </tileset>
  </level>
  <level name="g5-1" reverse="False" secret="False">
    <tileset>
      <default>
				palette 50
				music [glitch/dante_intro.ogg, glitch/dante_loop.ogg]
			</default>
    </tileset>
  </level>
  <level name="g5-10" reverse="False" secret="False">
    <tileset>
      <default>
				palette 50
				music [glitch/dante_intro.ogg, glitch/dante_loop.ogg]
			</default>
    </tileset>
  </level>
  <level name="g5-2" reverse="False" secret="False">
    <tileset>
      <default>
				palette 50
				music [glitch/dante_intro.ogg, glitch/dante_loop.ogg]
			</default>
    </tileset>
  </level>
  <level name="g5-3" reverse="False" secret="False">
    <tileset>
      <default>
				palette 50
				music [glitch/dante_intro.ogg, glitch/dante_loop.ogg]
			</default>
    </tileset>
  </level>
  <level name="g5-4" reverse="False" secret="False">
    <tileset>
      <default>
				palette 50
				music [glitch/dante_intro.ogg, glitch/dante_loop.ogg]
			</default>
    </tileset>
  </level>
  <level name="g5-5" reverse="False" secret="False">
    <tileset>
      <default>
				palette 50
				music [glitch/dante_intro.ogg, glitch/dante_loop.ogg]
			</default>
    </tileset>
  </level>
  <level name="g5-6" reverse="False" secret="False">
    <tileset>
      <default>
				palette 50
				music [glitch/dante_intro.ogg, glitch/dante_loop.ogg]
			</default>
    </tileset>
  </level>
  <level name="g5-7" reverse="False" secret="False">
    <tileset>
      <default>
				palette 50
				music [glitch/dante_intro.ogg, glitch/dante_loop.ogg]
			</default>
    </tileset>
  </level>
  <level name="g5-8" reverse="False" secret="False">
    <tileset>
      <default>
				palette 50
				music [glitch/dante_intro.ogg, glitch/dante_loop.ogg]
			</default>
    </tileset>
  </level>
  <level name="g5-9" reverse="False" secret="False">
    <tileset>
      <default>
				palette 50
				music [glitch/dante_intro.ogg, glitch/dante_loop.ogg]
			</default>
    </tileset>
  </level>
  <level name="g9-0" reverse="False" secret="False">
    <tileset>
      <default>
				palette 14
				music [glitch/turkish_intro.ogg, glitch/turkish_loop.ogg]
			</default>
    </tileset>
  </level>
  <level name="g9-1" reverse="False" secret="False">
    <tileset>
      <default>
				palette 14
				music [glitch/turkish_intro.ogg, glitch/turkish_loop.ogg]
			</default>
    </tileset>
  </level>
  <level name="g9-2" reverse="False" secret="False">
    <tileset>
      <default>
				palette 14
				music [glitch/turkish_intro.ogg, glitch/turkish_loop.ogg]
			</default>
    </tileset>
  </level>
  <level name="g9-3" reverse="False" secret="False">
    <tileset>
      <default>
				palette 14
				music [glitch/turkish_intro.ogg, glitch/turkish_loop.ogg]
			</default>
    </tileset>
  </level>
  <level name="g9-4" reverse="False" secret="False">
    <tileset>
      <default>
				palette 14
				music [glitch/turkish_intro.ogg, glitch/turkish_loop.ogg]
			</default>
    </tileset>
  </level>
  <level name="g9-5" reverse="False" secret="False">
    <tileset>
      <default>
				palette 14
				music [glitch/turkish_intro.ogg, glitch/turkish_loop.ogg]
			</default>
    </tileset>
  </level>
  <level name="g9-6" reverse="False" secret="False">
    <tileset>
      <default>
				palette 14
				music [glitch/turkish_intro.ogg, glitch/turkish_loop.ogg]
			</default>
    </tileset>
  </level>
  <level name="g9-7" reverse="False" secret="False">
    <tileset>
      <default>
				palette 14
				music [glitch/turkish_intro.ogg, glitch/turkish_loop.ogg]
			</default>
    </tileset>
  </level>
  <level name="g9-8" reverse="False" secret="False">
    <tileset>
      <default>
				palette 14
				music [glitch/turkish_intro.ogg, glitch/turkish_loop.ogg]
			</default>
    </tileset>
  </level>
  <level name="g9-9" reverse="False" secret="False">
    <tileset>
      <default>
				palette 14
				music [glitch/turkish_intro.ogg, glitch/turkish_loop.ogg]
			</default>
    </tileset>
  </level>
</pool>