﻿<?xml version="1.0" encoding="utf-8"?>
<pool enabled="True" source="The End is Nigh" author="" order="3">
  <tileset>
    <default>
		tile_graphics Tilecaves
		overlay_graphics Overlayscaves
		background_graphics ch3bg
		foreground_graphics None
		palette 3
		music [1812_intro.ogg, 1812_loop.ogg]
		ambience ruins.ogg
		global_particle_1 none
		global_particle_2 none
		global_particle_3 none
		fx_shader reflectionripples
		fx_shader_mid distortionparticles
		midfx_layer 1
		midfx_graphics None
	</default>
    <need>
		#fx_shader reflectionripples
		#fx_shader_mid distortionparticles
		#midfx_layer 1
		#midfx_graphics None
		tile_particle_1 waterfall
		tile_particle_2 waterfall_splash
		tile_particle_3 bubbles
		tile_particle_4 drip    
		decoration_1 Decoration4
		decoration_2 Decoration5
	</need>
  </tileset>
  <level name="3-1" reverse="False" secret="False" />
  <level name="3-2" reverse="False" secret="False" />
  <level name="3-3" reverse="False" secret="False" />
  <level name="3-4" reverse="False" secret="False" />
  <level name="3-5" reverse="False" secret="False" />
  <level name="3-6" reverse="False" secret="False" />
  <level name="3-7" reverse="False" secret="False" />
  <level name="3-8" reverse="False" secret="False">
    <tileset>
      <need>
				fx_shader sludgeripples 
				tile_particle_1 toxwaterfall
				tile_particle_2 toxwaterfall_splash
			</need>
    </tileset>
  </level>
  <level name="3-9" reverse="False" secret="False">
    <tileset>
      <need>
				fx_shader sludgeripples 
				tile_particle_1 toxwaterfall
				tile_particle_2 toxwaterfall_splash
			</need>
    </tileset>
  </level>
  <level name="3-10" reverse="False" secret="False">
    <tileset>
      <need>
			fx_shader sludgeripples 
			tile_particle_1 toxwaterfall
			tile_particle_2 toxwaterfall_splash
		</need>
    </tileset>
  </level>
  <level name="3-11" reverse="False" secret="False">
    <tileset>
      <need>
			fx_shader sludgeripples 
			tile_particle_1 toxwaterfall
			tile_particle_2 toxwaterfall_splash
		</need>
    </tileset>
  </level>
  <level name="3-12" reverse="False" secret="False">
    <tileset>
      <need>
			fx_shader sludgeripples 
			tile_particle_1 toxwaterfall
			tile_particle_2 toxwaterfall_splash
		</need>
    </tileset>
  </level>
  <level name="3-13" reverse="False" secret="False">
    <tileset>
      <need>
			fx_shader sludgeripples 
			tile_particle_1 toxwaterfall
			tile_particle_2 toxwaterfall_splash
		</need>
    </tileset>
  </level>
  <level name="3-14" reverse="False" secret="False">
    <tileset>
      <need>
		fx_shader sludgeripples 
		tile_particle_1 toxwaterfall
		tile_particle_2 toxwaterfall_splash
		fx_shader_mid cloudripples
		midfx_graphics None
		midfx_layer 2
	  </need>
    </tileset>
  </level>
  <level name="3-15" reverse="False" secret="False">
    <tileset>
      <need>
				fx_shader sludgeripples 
				tile_particle_1 toxwaterfall
				tile_particle_2 toxwaterfall_splash
				fx_shader_mid cloudripples
				midfx_graphics None
				midfx_layer 2
			</need>
    </tileset>
  </level>
  <level name="3-16" reverse="False" secret="False">
    <tileset>
      <need>
				fx_shader sludgeripples 
				tile_particle_1 toxwaterfall
				tile_particle_2 toxwaterfall_splash
				fx_shader_mid cloudripples
				midfx_graphics None
				midfx_layer 2
			</need>
    </tileset>
  </level>
  <level name="3-17" reverse="False" secret="False">
    <tileset>
      <need>
				fx_shader sludgeripples 
				tile_particle_1 toxwaterfall
				tile_particle_2 toxwaterfall_splash
				fx_shader_mid cloudripples
				midfx_graphics None
				midfx_layer 2
			</need>
    </tileset>
  </level>
  <level name="3-18" reverse="False" secret="False">
    <tileset>
      <need>
				fx_shader sludgeripples 
				tile_particle_1 toxwaterfall
				tile_particle_2 toxwaterfall_splash
				fx_shader_mid cloudripples
				midfx_graphics None
				midfx_layer 2
			</need>
    </tileset>
  </level>
  <level name="3-19" reverse="False" secret="False">
    <tileset>
      <need>
				fx_shader sludgeripples 
				tile_particle_1 toxwaterfall
				tile_particle_2 toxwaterfall_splash
				fx_shader_mid cloudripples
				midfx_graphics None
				midfx_layer 2
			</need>
    </tileset>
  </level>
  <level name="3-20" reverse="False" secret="False">
    <tileset>
      <need>
				fx_shader sludgeripples 
				tile_particle_1 toxwaterfall
				tile_particle_2 toxwaterfall_splash
				fx_shader_mid cloudripples
				midfx_graphics None
				midfx_layer 2
			</need>
    </tileset>
  </level>
</pool>