﻿<?xml version="1.0" encoding="utf-8"?>
<pool enabled="False" source="Mods" author="ButcherBerries" order="1">
  <tileset>
    <default>
		tile_graphics Tilecomplex
		overlay_graphics Overlayscomplex
		background_graphics bgsolid
		foreground_graphics None
		palette 51
		music [gymnopedies_intro.ogg, gymnopedies_loop.ogg]
		#music [summer_intro.ogg, summer_loop.ogg]
		ambience cogs.ogg
        fx_shader_mid cloudripples
        midfx_layer 2
		ambience_volume 1
		tile_particle_1 spark
		tile_particle_2 spark2
		tile_particle_3 smoke2
		global_particle_1 cold
		global_particle_3 embers
	</default>
    <art>[Fireball, ThwampGear][eyebullet, Bullet]</art>
  </tileset>
  <level name="fac-1" reverse="False" secret="False" />
  <level name="fac-2" reverse="False" secret="False" />
  <level name="fac-3" reverse="False" secret="False" />
  <level name="fac-4" reverse="False" secret="False" />
  <level name="fac-5" reverse="False" secret="False" />
  <level name="fac-6" reverse="False" secret="False" />
  <level name="fac-7" reverse="False" secret="False" />
  <level name="fac-8" reverse="False" secret="False" />
  <level name="fac-9" reverse="False" secret="False" />
  <level name="fac-10" reverse="False" secret="False" />
  <level name="fac-11" reverse="False" secret="False" />
  <level name="fac-12" reverse="False" secret="False" />
  <level name="fac-13" reverse="False" secret="False" />
  <level name="fac-14" reverse="False" secret="False" />
  <level name="fac-15" reverse="False" secret="False" />
  <level name="facx-1" reverse="False" secret="False" />
  <level name="facx-5" reverse="False" secret="False" />
  <level name="facx-6" reverse="False" secret="False" />
  <level name="facx-7" reverse="False" secret="False" />
  <level name="facx-8" reverse="False" secret="False" />
</pool>