﻿<?xml version="1.0" encoding="utf-8"?>
<pool enabled="False" source="Mods" author="Peepperson" order="1">
  <tileset>
    <default>
		tile_graphics Tilehell
		overlay_graphics Overlaystox2
		background_graphics bgsolid
		foreground_graphics None
		fx_shader sludgeripples
		palette 51
		global_particle_1 cold
		global_particle_2 mist2
		decoration_1 Deco10
		decoration_2 Deco11
		decoration_3 none
		fx_shader_mid lighting
		midfx_graphics ShadeBox
		midfx_layer 2
		tile_particle_1 drip
		shader_param 0
		music [gymnopedies_intro_dark.ogg, gymnopedies_loop_dark.ogg]
		ambience none
	</default>
    <need>
	    decoration_1 Deco10
		decoration_2 Deco11
		decoration_3 none
	</need>
    <art>[MiniFly, MiniWisp][MiniRat, MiniRatWhite][MiniFrog, MiniFrogWhite]</art>
  </tileset>
  <level>
    <name>df2-1</name>
  </level>
  <level>
    <name>df2-7</name>
  </level>
  <level>
    <name>df2-8</name>
  </level>
  <level>
    <name>df2-9</name>
  </level>
  <level>
    <name>df2-10</name>
  </level>
  <level>
    <name>df2-11</name>
  </level>
  <level>
    <name>df2-12</name>
  </level>
  <level>
    <name>df2-13</name>
  </level>
  <level>
    <name>df2-14</name>
  </level>
  <level>
    <name>df2-15</name>
  </level>
  <level>
    <name>df2-17</name>
  </level>
  <level>
    <name>df2-18</name>
  </level>
  <level>
    <name>dfa-15</name>
  </level>
  <level>
    <name>dfa-16</name>
  </level>
</pool>