﻿<?xml version="1.0" encoding="utf-8"?>
<pool enabled="True" source="Arid Flats" author="Uzerro" order="0">
  <piece name="hi1" ceilingEn="True" ceilingEx="True" floorEn="True" floorEx="True" />
  <piece name="hi2" ceilingEn="True" ceilingEx="True" floorEn="True" floorEx="True" />
  <piece name="hi3" ceilingEn="True" ceilingEx="True" floorEn="True" floorEx="True" />
  <piece name="hi4" ceilingEn="True" ceilingEx="True" floorEn="True" floorEx="True" />
  <piece name="hi5" ceilingEn="True" ceilingEx="True" floorEn="True" floorEx="True" />
  <piece name="hi6" ceilingEn="True" ceilingEx="True" floorEn="True" floorEx="True" />
  <piece name="hi7" ceilingEn="True" ceilingEx="True" floorEn="True" floorEx="True" />
  <piece name="hi8" ceilingEn="True" ceilingEx="True" floorEn="False" floorEx="False" />
  <piece name="hio1" ceilingEn="True" ceilingEx="False" floorEn="True" floorEx="True" />
  <piece name="hio2" ceilingEn="True" ceilingEx="False" floorEn="True" floorEx="True" />
  <piece name="hio3" ceilingEn="False" ceilingEx="True" floorEn="True" floorEx="True" />
  <piece name="hio4" ceilingEn="True" ceilingEx="False" floorEn="True" floorEx="True" />
  <piece name="ho1" ceilingEn="False" ceilingEx="False" floorEn="True" floorEx="True" />
  <piece name="ho10" ceilingEn="False" ceilingEx="False" floorEn="False" floorEx="True" />
  <piece name="ho11" ceilingEn="False" ceilingEx="False" floorEn="True" floorEx="True" />
  <piece name="ho12" ceilingEn="False" ceilingEx="False" floorEn="False" floorEx="False" />
  <piece name="ho13" ceilingEn="False" ceilingEx="False" floorEn="True" floorEx="True" />
  <piece name="ho14" ceilingEn="False" ceilingEx="False" floorEn="False" floorEx="False" />
  <piece name="ho15" ceilingEn="False" ceilingEx="False" floorEn="False" floorEx="False" />
  <piece name="ho16" ceilingEn="False" ceilingEx="False" floorEn="False" floorEx="False" />
  <piece name="ho17" ceilingEn="False" ceilingEx="False" floorEn="True" floorEx="True" />
  <piece name="ho18" ceilingEn="False" ceilingEx="False" floorEn="True" floorEx="True" />
  <piece name="ho19" ceilingEn="False" ceilingEx="False" floorEn="False" floorEx="False" />
  <piece name="ho2" ceilingEn="False" ceilingEx="False" floorEn="True" floorEx="True" />
  <piece name="ho20" ceilingEn="False" ceilingEx="False" floorEn="True" floorEx="True" />
  <piece name="ho21" ceilingEn="False" ceilingEx="False" floorEn="False" floorEx="False" />
  <piece name="ho22" ceilingEn="False" ceilingEx="False" floorEn="False" floorEx="False" />
  <piece name="ho23" ceilingEn="False" ceilingEx="False" floorEn="False" floorEx="False" />
  <piece name="ho24" ceilingEn="False" ceilingEx="False" floorEn="True" floorEx="True" />
  <piece name="ho25" ceilingEn="False" ceilingEx="False" floorEn="True" floorEx="True" />
  <piece name="ho26" ceilingEn="False" ceilingEx="False" floorEn="False" floorEx="False" />
  <piece name="ho27" ceilingEn="False" ceilingEx="False" floorEn="False" floorEx="False" />
  <piece name="ho28" ceilingEn="False" ceilingEx="False" floorEn="False" floorEx="False" />
  <piece name="ho29" ceilingEn="False" ceilingEx="False" floorEn="False" floorEx="False" />
  <piece name="ho3" ceilingEn="False" ceilingEx="False" floorEn="True" floorEx="True" />
  <piece name="ho30" ceilingEn="False" ceilingEx="False" floorEn="True" floorEx="True" />
  <piece name="ho31" ceilingEn="False" ceilingEx="False" floorEn="True" floorEx="True" />
  <piece name="ho32" ceilingEn="False" ceilingEx="False" floorEn="True" floorEx="True" />
  <piece name="ho4" ceilingEn="False" ceilingEx="False" floorEn="True" floorEx="True" />
  <piece name="ho5" ceilingEn="False" ceilingEx="False" floorEn="True" floorEx="True" />
  <piece name="ho6" ceilingEn="False" ceilingEx="False" floorEn="True" floorEx="True" />
  <piece name="ho7" ceilingEn="False" ceilingEx="False" floorEn="True" floorEx="True" />
  <piece name="ho8" ceilingEn="False" ceilingEx="False" floorEn="False" floorEx="False" />
  <piece name="ho9" ceilingEn="False" ceilingEx="False" floorEn="False" floorEx="False" />
  <piece name="hoi1" ceilingEn="False" ceilingEx="True" floorEn="True" floorEx="True" />
  <piece name="hoi2" ceilingEn="False" ceilingEx="True" floorEn="True" floorEx="False" />
  <piece name="hoi3" ceilingEn="False" ceilingEx="True" floorEn="True" floorEx="True" />
  <piece name="hoi4" ceilingEn="False" ceilingEx="True" floorEn="True" floorEx="True" />
  <piece name="hoi5" ceilingEn="False" ceilingEx="True" floorEn="True" floorEx="True" />
</pool>