﻿<?xml version="1.0" encoding="utf-8"?>
<pool enabled="True" source="The End" author="Uzerro" order="0">
  <piece name="h1" ceilingEn="False" ceilingEx="False" floorEn="True" floorEx="True" />
  <piece name="h10" ceilingEn="False" ceilingEx="False" floorEn="False" floorEx="False" />
  <piece name="h11" ceilingEn="False" ceilingEx="False" floorEn="False" floorEx="False" />
  <piece name="h12" ceilingEn="False" ceilingEx="False" floorEn="False" floorEx="False" />
  <piece name="h13" ceilingEn="False" ceilingEx="False" floorEn="False" floorEx="False" />
  <piece name="h14" ceilingEn="False" ceilingEx="False" floorEn="False" floorEx="False" />
  <piece name="h15" ceilingEn="False" ceilingEx="False" floorEn="False" floorEx="False" />
  <piece name="h16" ceilingEn="False" ceilingEx="False" floorEn="False" floorEx="False" />
  <piece name="h17" ceilingEn="False" ceilingEx="False" floorEn="False" floorEx="False" />
  <piece name="h18" ceilingEn="False" ceilingEx="False" floorEn="False" floorEx="False" />
  <piece name="h19" ceilingEn="True" ceilingEx="True" floorEn="True" floorEx="True" />
  <piece name="h2" ceilingEn="False" ceilingEx="False" floorEn="True" floorEx="True" />
  <piece name="h20" ceilingEn="True" ceilingEx="True" floorEn="True" floorEx="True" />
  <piece name="h21" ceilingEn="True" ceilingEx="True" floorEn="True" floorEx="True" />
  <piece name="h22" ceilingEn="True" ceilingEx="True" floorEn="True" floorEx="True" />
  <piece name="h23" ceilingEn="False" ceilingEx="False" floorEn="False" floorEx="False" />
  <piece name="h24" ceilingEn="False" ceilingEx="False" floorEn="False" floorEx="False" />
  <piece name="h25" ceilingEn="False" ceilingEx="False" floorEn="False" floorEx="False" />
  <piece name="h26" ceilingEn="False" ceilingEx="False" floorEn="False" floorEx="False" />
  <piece name="h27" ceilingEn="False" ceilingEx="False" floorEn="False" floorEx="False" />
  <piece name="h28" ceilingEn="False" ceilingEx="False" floorEn="False" floorEx="False" />
  <piece name="h29" ceilingEn="False" ceilingEx="False" floorEn="False" floorEx="False" />
  <piece name="h3" ceilingEn="False" ceilingEx="False" floorEn="True" floorEx="True" />
  <piece name="h30" ceilingEn="False" ceilingEx="False" floorEn="False" floorEx="False" />
  <piece name="h31" ceilingEn="True" ceilingEx="True" floorEn="True" floorEx="True" />
  <piece name="h32" ceilingEn="True" ceilingEx="True" floorEn="True" floorEx="True" />
  <piece name="h33" ceilingEn="True" ceilingEx="True" floorEn="True" floorEx="True" />
  <piece name="h34" ceilingEn="False" ceilingEx="False" floorEn="False" floorEx="False" />
  <piece name="h35" ceilingEn="True" ceilingEx="True" floorEn="True" floorEx="True" />
  <piece name="h36" ceilingEn="True" ceilingEx="True" floorEn="True" floorEx="True" />
  <piece name="h37" ceilingEn="False" ceilingEx="False" floorEn="False" floorEx="False" />
  <piece name="h4" ceilingEn="False" ceilingEx="False" floorEn="True" floorEx="True" />
  <piece name="h5" ceilingEn="False" ceilingEx="True" floorEn="True" floorEx="True" />
  <piece name="h6" ceilingEn="True" ceilingEx="True" floorEn="True" floorEx="True" />
  <piece name="h7" ceilingEn="True" ceilingEx="False" floorEn="True" floorEx="True" />
  <piece name="h8" ceilingEn="False" ceilingEx="False" floorEn="True" floorEx="False" />
  <piece name="h9" ceilingEn="False" ceilingEx="False" floorEn="True" floorEx="True" />
</pool>