﻿<?xml version="1.0" encoding="utf-8"?>
<pool enabled="False" source="The End is Nigh" author="" order="11">
  <tileset>
    <default>
		tile_graphics Tilehell
		overlay_graphics Overlayshell
		background_graphics ch2bg
		foreground_graphics none
		palette 11 
		global_particle_1 fallout2
		global_particle_2 none
		global_particle_3 cloudwind_light
		ambience wind.ogg
	</default>
    <need>
		tile_particle_1 dust
	</need>
  </tileset>
  <level name="2d-0" reverse="False" secret="False" />
  <level name="2d-1" reverse="False" secret="False" />
  <level name="2d-2" reverse="False" secret="False" />
  <level name="2d-3" reverse="False" secret="False" />
  <level name="2d-4" reverse="False" secret="False" />
  <level name="2d-5" reverse="False" secret="False" />
  <level name="2d-6" reverse="False" secret="False" />
  <level name="2d-7" reverse="False" secret="False" />
  <level name="2d-8" reverse="False" secret="False" />
  <level name="2d-9" reverse="False" secret="False" />
  <level name="2d-10" reverse="False" secret="False" />
  <level name="2d-11" reverse="False" secret="False" />
  <level name="2d-12" reverse="False" secret="False" />
  <level name="2d-14" reverse="False" secret="False" />
  <level name="2d-15" reverse="False" secret="False" />
  <level name="2d-16" reverse="False" secret="False" />
  <level name="2d-17" reverse="False" secret="False" />
  <level name="2d-18" reverse="False" secret="False" />
  <level name="2d-19" reverse="False" secret="False" />
</pool>