﻿<?xml version="1.0" encoding="utf-8"?>
<pool enabled="False" source="The End is Nigh" author="" order="9">
  <tileset>
    <default>
		tile_graphics Tilehell
		overlay_graphics Overlayshell
		background_graphics hellbg
		foreground_graphics None
		fx_shader lavaripples
		fx_shader_mid heatwave
		midfx_graphics SolidBox
		palette 10
		global_particle_1 embers
		global_particle_2 none
		global_particle_3 none
		music [hell_intro.ogg, hell_loop.ogg]
		ambience volcano.ogg
	</default>
    <need>
		tile_particle_1 spark
		tile_particle_2 spark
		tile_particle_3 drip 
	</need>
  </tileset>
  <level name="5c-2" reverse="False" secret="False" />
  <level name="5c-3" reverse="False" secret="False" />
  <level name="5c-4" reverse="False" secret="False" />
  <level name="5c-5" reverse="False" secret="False" />
  <level name="5c-6" reverse="False" secret="False" />
  <level name="5c-7" reverse="False" secret="False" />
  <level name="5c-8" reverse="False" secret="False" />
  <level name="5c-9" reverse="False" secret="False" />
  <level name="5c-10" reverse="False" secret="False" />
  <level name="5c-11" reverse="False" secret="False" />
  <level name="5c-12" reverse="False" secret="False" />
  <level name="5c-13" reverse="False" secret="False" />
  <level name="5c-14" reverse="False" secret="False" />
  <level name="5c-15" reverse="False" secret="False" />
  <level name="5c-16" reverse="False" secret="False" />
  <level name="5c-17" reverse="False" secret="False" />
  <level name="5c-18" reverse="False" secret="False" />
  <level name="5c-19" reverse="False" secret="False" />
  <level name="5c-20" reverse="False" secret="False" />
  <level name="5c-21" reverse="False" secret="False" />
</pool>