﻿<?xml version="1.0" encoding="utf-8"?>
<pool enabled="False" source="The End is Nigh" author="" order="7">
  <tileset>
    <default>
		tile_graphics Tilecomplex
		overlay_graphics Overlayscomplex
		background_graphics field2bg
		foreground_graphics None
		fx_shader gravripples
		palette 9
		global_particle_1 rocks
		global_particle_3 none
		music [bumblebee_intro.ogg, bumblebee_loop.ogg]
		ambience labloop.ogg
	</default>
    <need>
		tile_particle_1 spark2
		tile_particle_2 smoke
		tile_graphics Tilecomplex
	</need>
  </tileset>
  <level name="5b-1" reverse="False" secret="False">
    <tileset>
      <need>
		fx_shader_mid cloudripples
		midfx_layer 2
		midfx_graphics None
	  </need>
    </tileset>
  </level>
  <level name="5b-2" reverse="False" secret="False">
    <tileset>
      <need>
		fx_shader_mid cloudripples
		midfx_layer 2
		midfx_graphics None
	  </need>
    </tileset>
  </level>
  <level name="5b-3" reverse="False" secret="False" />
  <level name="5b-4" reverse="False" secret="False" />
  <level name="5b-5" reverse="False" secret="False" />
  <level name="5b-6" reverse="False" secret="False" />
  <level name="5b-7" reverse="False" secret="False">
    <tileset>
      <need>
		fx_shader_mid cloudripples
		midfx_layer 2
		midfx_graphics None
	  </need>
    </tileset>
  </level>
  <level name="5b-8" reverse="False" secret="False">
    <tileset>
      <need>
		fx_shader_mid cloudripples
		midfx_layer 2
		midfx_graphics None
	  </need>
    </tileset>
  </level>
  <level name="5b-9" reverse="False" secret="False">
    <tileset>
      <need>
		fx_shader_mid cloudripples
		midfx_layer 2
		midfx_graphics None
	  </need>
    </tileset>
  </level>
  <level name="5b-10" reverse="False" secret="False">
    <tileset>
      <need>
		fx_shader_mid cloudripples
		midfx_layer 2
		midfx_graphics None
	  </need>
    </tileset>
  </level>
  <level name="5b-11" reverse="False" secret="False" />
  <level name="5b-12" reverse="False" secret="False" />
  <level name="5b-13" reverse="False" secret="False" />
  <level name="5b-15" reverse="False" secret="False" />
  <level name="5b-16" reverse="False" secret="False" />
  <level name="5b-17" reverse="False" secret="False" />
  <level name="5b-18" reverse="False" secret="False" />
  <level name="5b-19" reverse="False" secret="False" />
  <level name="5b-20" reverse="False" secret="False" />
  <level name="5b-21" reverse="False" secret="False" />
  <level name="5b-22" reverse="False" secret="False" />
</pool>