﻿<?xml version="1.0" encoding="utf-8"?>
<pool enabled="False" source="The End is Nigh" author="" order="13">
  <tileset>
    <default>
		tile_graphics theglow
		overlay_graphics Overlaystheglow
		background_graphics bgsolid
		foreground_graphics None
		palette 13
		toxic_timer 1.05
		global_particle_1 none
		global_particle_2 none
		global_particle_3 none
		music [mountainking_fakeout.ogg, mountainking_loop.ogg]
		ambience ruins.ogg
		#fx_shader_mid sludgeglow2
		#midfx_graphics SolidBox
		#midfx_layer 2
		fx_shader sludgeripples
	</default>
    <need>
		tile_particle_1 toxicdump_left
		tile_particle_2 toxicdump_right
		tile_particle_3 toxicdump_down
		decoration_1 EscapeEnd
		#fx_shader sludgeripples
		tile_particle_5 toxicbubbles
		#fx_shader_mid sludgeglow2
		#midfx_graphics SolidBox
		#midfx_layer 2
	</need>
    <art>[Fish, Fish2][MiniFly, MiniWisp]</art>
  </tileset>
  <level name="6-2" reverse="False" secret="False" />
  <level name="6-3" reverse="False" secret="False" />
  <level name="6-4" reverse="False" secret="False" />
  <level name="6-5" reverse="False" secret="False" />
  <level name="6-6" reverse="False" secret="False" />
  <level name="6-7" reverse="False" secret="False" />
  <level name="6-8" reverse="False" secret="False" />
  <level name="6-9" reverse="False" secret="False" />
  <level name="6-10" reverse="False" secret="False" />
  <level name="6-11" reverse="False" secret="False" />
  <level name="6-12" reverse="False" secret="False" />
  <level name="6-13" reverse="False" secret="False" />
  <level name="6-14" reverse="False" secret="False" />
  <level name="6-15" reverse="False" secret="False" />
  <level name="6-16" reverse="False" secret="False" />
  <level name="6-17" reverse="False" secret="False" />
  <level name="6-18" reverse="False" secret="False" />
  <level name="6-19" reverse="False" secret="False" />
  <level name="6-20" reverse="False" secret="False" />
</pool>