﻿<?xml version="1.0" encoding="utf-8"?>
<pool enabled="True" source="The End is Nigh" author="" order="15">
  <tileset>
    <default>
		tile_graphics Tileretro
		overlay_graphics Overlaysretro
		background_graphics bgretrox
		foreground_graphics none
		global_particle_1 none
		global_particle_2 none
		global_particle_3 none
	</default>
    <art>[Player, PlayerRetro][Frog, Frogretro][Floater, Floater2][Slug, Slugretro][SkullFloater, SkullFloaterretro][Gasser, Gasserretro][Splatter, Splatterretro][CheepCheep, cheepretro][Bullet, bulletretro][SpitterX, SpitterXretro][SpitterY, SpitterYretro][AimSpitter, SpitterZretro][Cannonball, cannonballretro][Fireball, cannonballfireretro][Hopper, hopperretro][SkullSlug, SkullSlugretro][SkullCrow, SkullCrowretro][ChainChomp, ChainChompretro][ChainLink, ChainLinkretro][ChainLink2, ChainLinkretro][Mask, Maskretro][Revolver, Revolverretro][GasCloud, GasCloudretro][Cannon,Cannonretro][Cannonstand,Cannonstandretro][Bouncer,Bouncerretro][ChainHitch,ChainHitchRetro]</art>
  </tileset>
  <level name="c1-1" reverse="False" secret="False">
    <tileset>
      <default>
				palette 16
				music [retro/danse_intro.ogg, retro/danse_loop.ogg]
			</default>
    </tileset>
  </level>
  <level name="c1-10" reverse="False" secret="False">
    <tileset>
      <default>
				palette 16
				music [retro/danse_intro.ogg, retro/danse_loop.ogg]
			</default>
    </tileset>
  </level>
  <level name="c1-2" reverse="False" secret="False">
    <tileset>
      <default>
				palette 16
				music [retro/danse_intro.ogg, retro/danse_loop.ogg]
			</default>
    </tileset>
  </level>
  <level name="c1-3" reverse="False" secret="False">
    <tileset>
      <default>
				palette 16
				music [retro/danse_intro.ogg, retro/danse_loop.ogg]
			</default>
    </tileset>
  </level>
  <level name="c1-4" reverse="False" secret="False">
    <tileset>
      <default>
				palette 16
				music [retro/danse_intro.ogg, retro/danse_loop.ogg]
			</default>
    </tileset>
  </level>
  <level name="c1-5" reverse="False" secret="False">
    <tileset>
      <default>
				palette 16
				music [retro/danse_intro.ogg, retro/danse_loop.ogg]
			</default>
    </tileset>
  </level>
  <level name="c1-6" reverse="False" secret="False">
    <tileset>
      <default>
				palette 16
				music [retro/danse_intro.ogg, retro/danse_loop.ogg]
			</default>
    </tileset>
  </level>
  <level name="c1-7" reverse="False" secret="False">
    <tileset>
      <default>
				palette 16
				music [retro/danse_intro.ogg, retro/danse_loop.ogg]
			</default>
    </tileset>
  </level>
  <level name="c1-8" reverse="False" secret="False">
    <tileset>
      <default>
				palette 16
				music [retro/danse_intro.ogg, retro/danse_loop.ogg]
			</default>
    </tileset>
  </level>
  <level name="c1-9" reverse="False" secret="False">
    <tileset>
      <default>
				palette 16
				music [retro/danse_intro.ogg, retro/danse_loop.ogg]
			</default>
    </tileset>
  </level>
  <level name="c2-1" reverse="False" secret="False">
    <tileset>
      <default>
				palette 17
				music [retro/newworld_intro.ogg, retro/newworld_loop.ogg]
			</default>
    </tileset>
  </level>
  <level name="c2-10" reverse="False" secret="False">
    <tileset>
      <default>
				palette 17
				music [retro/newworld_intro.ogg, retro/newworld_loop.ogg]
			</default>
    </tileset>
  </level>
  <level name="c2-2" reverse="False" secret="False">
    <tileset>
      <default>
				palette 17
				music [retro/newworld_intro.ogg, retro/newworld_loop.ogg]
			</default>
    </tileset>
  </level>
  <level name="c2-3" reverse="False" secret="False">
    <tileset>
      <default>
				palette 17
				music [retro/newworld_intro.ogg, retro/newworld_loop.ogg]
			</default>
    </tileset>
  </level>
  <level name="c2-4" reverse="False" secret="False">
    <tileset>
      <default>
				palette 17
				music [retro/newworld_intro.ogg, retro/newworld_loop.ogg]
			</default>
    </tileset>
  </level>
  <level name="c2-5" reverse="False" secret="False">
    <tileset>
      <default>
				palette 17
				music [retro/newworld_intro.ogg, retro/newworld_loop.ogg]
			</default>
    </tileset>
  </level>
  <level name="c2-6" reverse="False" secret="False">
    <tileset>
      <default>
				palette 17
				music [retro/newworld_intro.ogg, retro/newworld_loop.ogg]
			</default>
    </tileset>
  </level>
  <level name="c2-7" reverse="False" secret="False">
    <tileset>
      <default>
				palette 17
				music [retro/newworld_intro.ogg, retro/newworld_loop.ogg]
			</default>
    </tileset>
  </level>
  <level name="c2-8" reverse="False" secret="False">
    <tileset>
      <default>
				palette 17
				music [retro/newworld_intro.ogg, retro/newworld_loop.ogg]
			</default>
    </tileset>
  </level>
  <level name="c2-9" reverse="False" secret="False">
    <tileset>
      <default>
				palette 17
				music [retro/newworld_intro.ogg, retro/newworld_loop.ogg]
			</default>
    </tileset>
  </level>
  <level name="c3-1" reverse="False" secret="False">
    <tileset>
      <default>
				palette 19
				music [retro/1812_intro.ogg, retro/1812_loop.ogg]
			</default>
    </tileset>
  </level>
  <level name="c3-10" reverse="False" secret="False">
    <tileset>
      <default>
		palette 19
		music [retro/1812_intro.ogg, retro/1812_loop.ogg]
	  </default>
      <need>
		fx_shader sludgeripples 
		tile_particle_1 toxwaterfall
		tile_particle_2 toxwaterfall_splash
		fx_shader_mid cloudripples
		midfx_graphics None
		midfx_layer 2
	  </need>
    </tileset>
  </level>
  <level name="c3-2" reverse="False" secret="False">
    <tileset>
      <default>
				palette 19
				music [retro/1812_intro.ogg, retro/1812_loop.ogg]
			</default>
    </tileset>
  </level>
  <level name="c3-3" reverse="False" secret="False">
    <tileset>
      <default>
				palette 19
				music [retro/1812_intro.ogg, retro/1812_loop.ogg]
			</default>
    </tileset>
  </level>
  <level name="c3-4" reverse="False" secret="False">
    <tileset>
      <default>
				palette 19
				music [retro/1812_intro.ogg, retro/1812_loop.ogg]
			</default>
    </tileset>
  </level>
  <level name="c3-5" reverse="False" secret="False">
    <tileset>
      <default>
				palette 19
				music [retro/1812_intro.ogg, retro/1812_loop.ogg]
			</default>
    </tileset>
  </level>
  <level name="c3-6" reverse="False" secret="False">
    <tileset>
      <default>
		palette 19
		music [retro/1812_intro.ogg, retro/1812_loop.ogg]
	  </default>
      <need>
		fx_shader sludgeripples 
		tile_particle_1 toxwaterfall
		tile_particle_2 toxwaterfall_splash
		fx_shader_mid cloudripples
		midfx_graphics None
		midfx_layer 2
	  </need>
    </tileset>
  </level>
  <level name="c3-7" reverse="False" secret="False">
    <tileset>
      <default>
		palette 19
		music [retro/1812_intro.ogg, retro/1812_loop.ogg]
	  </default>
      <need>
		fx_shader sludgeripples 
		tile_particle_1 toxwaterfall
		tile_particle_2 toxwaterfall_splash
		fx_shader_mid cloudripples
		midfx_graphics None
		midfx_layer 2
	  </need>
    </tileset>
  </level>
  <level name="c3-8" reverse="False" secret="False">
    <tileset>
      <default>
		palette 19
		music [retro/1812_intro.ogg, retro/1812_loop.ogg]
	  </default>
      <need>
		fx_shader sludgeripples 
		tile_particle_1 toxwaterfall
		tile_particle_2 toxwaterfall_splash
		fx_shader_mid cloudripples
		midfx_graphics None
		midfx_layer 2
	  </need>
    </tileset>
  </level>
  <level name="c3-9" reverse="False" secret="False">
    <tileset>
      <default>
		palette 19
		music [retro/1812_intro.ogg, retro/1812_loop.ogg]
	  </default>
      <need>
		fx_shader sludgeripples 
		tile_particle_1 toxwaterfall
		tile_particle_2 toxwaterfall_splash
		fx_shader_mid cloudripples
		midfx_graphics None
		midfx_layer 2
	  </need>
    </tileset>
  </level>
  <level name="c4a-1" reverse="False" secret="False">
    <tileset>
      <default>
				palette 20
				music [retro/hungarian_rhapsody_intro.ogg, retro/hungarian_rhapsody_loop.ogg]
			</default>
    </tileset>
  </level>
  <level name="c4a-10" reverse="False" secret="False">
    <tileset>
      <default>
				palette 20
				music [retro/hungarian_rhapsody_intro.ogg, retro/hungarian_rhapsody_loop.ogg]
			</default>
    </tileset>
  </level>
  <level name="c4a-2" reverse="False" secret="False">
    <tileset>
      <default>
				palette 20
				music [retro/hungarian_rhapsody_intro.ogg, retro/hungarian_rhapsody_loop.ogg]
			</default>
    </tileset>
  </level>
  <level name="c4a-3" reverse="False" secret="False">
    <tileset>
      <default>
				palette 20
				music [retro/hungarian_rhapsody_intro.ogg, retro/hungarian_rhapsody_loop.ogg]
			</default>
    </tileset>
  </level>
  <level name="c4a-4" reverse="False" secret="False">
    <tileset>
      <default>
				palette 20
				music [retro/hungarian_rhapsody_intro.ogg, retro/hungarian_rhapsody_loop.ogg]
			</default>
    </tileset>
  </level>
  <level name="c4a-5" reverse="False" secret="False">
    <tileset>
      <default>
				palette 20
				music [retro/hungarian_rhapsody_intro.ogg, retro/hungarian_rhapsody_loop.ogg]
			</default>
    </tileset>
  </level>
  <level name="c4a-6" reverse="False" secret="False">
    <tileset>
      <default>
				palette 20
				music [retro/hungarian_rhapsody_intro.ogg, retro/hungarian_rhapsody_loop.ogg]
			</default>
    </tileset>
  </level>
  <level name="c4a-7" reverse="False" secret="False">
    <tileset>
      <default>
				palette 20
				music [retro/hungarian_rhapsody_intro.ogg, retro/hungarian_rhapsody_loop.ogg]
			</default>
    </tileset>
  </level>
  <level name="c4a-8" reverse="False" secret="False">
    <tileset>
      <default>
				palette 20
				music [retro/hungarian_rhapsody_intro.ogg, retro/hungarian_rhapsody_loop.ogg]
			</default>
    </tileset>
  </level>
  <level name="c4a-9" reverse="False" secret="False">
    <tileset>
      <default>
				palette 20
				music [retro/hungarian_rhapsody_intro.ogg, retro/hungarian_rhapsody_loop.ogg]
			</default>
    </tileset>
  </level>
  <level name="c4b-1" reverse="False" secret="False">
    <tileset>
      <default>
				palette 22
				music [retro/fields_intro.ogg, retro/fields_loop.ogg]
			</default>
    </tileset>
  </level>
  <level name="c4b-10" reverse="False" secret="False">
    <tileset>
      <default>
				palette 22
				music [retro/fields_intro.ogg, retro/fields_loop.ogg]
			</default>
    </tileset>
  </level>
  <level name="c4b-2" reverse="False" secret="False">
    <tileset>
      <default>
				palette 22
				music [retro/fields_intro.ogg, retro/fields_loop.ogg]
			</default>
    </tileset>
  </level>
  <level name="c4b-3" reverse="False" secret="False">
    <tileset>
      <default>
				palette 22
				music [retro/fields_intro.ogg, retro/fields_loop.ogg]
			</default>
    </tileset>
  </level>
  <level name="c4b-4" reverse="False" secret="False">
    <tileset>
      <default>
				palette 22
				music [retro/fields_intro.ogg, retro/fields_loop.ogg]
			</default>
    </tileset>
  </level>
  <level name="c4b-5" reverse="False" secret="False">
    <tileset>
      <default>
				palette 22
				music [retro/fields_intro.ogg, retro/fields_loop.ogg]
			</default>
    </tileset>
  </level>
  <level name="c4b-6" reverse="False" secret="False">
    <tileset>
      <default>
				palette 22
				music [retro/fields_intro.ogg, retro/fields_loop.ogg]
			</default>
    </tileset>
  </level>
  <level name="c4b-7" reverse="False" secret="False">
    <tileset>
      <default>
				palette 22
				music [retro/fields_intro.ogg, retro/fields_loop.ogg]
			</default>
    </tileset>
  </level>
  <level name="c4b-8" reverse="False" secret="False">
    <tileset>
      <default>
				palette 22
				music [retro/fields_intro.ogg, retro/fields_loop.ogg]
			</default>
    </tileset>
  </level>
  <level name="c4b-9" reverse="False" secret="False">
    <tileset>
      <default>
				palette 22
				music [retro/fields_intro.ogg, retro/fields_loop.ogg]
			</default>
    </tileset>
  </level>
  <level name="c4c-1" reverse="False" secret="False">
    <tileset>
      <default>
				palette 21
				music [retro/dante_intro.ogg, retro/dante_loop.ogg]
			</default>
    </tileset>
  </level>
  <level name="c4c-10" reverse="False" secret="False">
    <tileset>
      <default>
				palette 21
				music [retro/dante_intro.ogg, retro/dante_loop.ogg]
			</default>
    </tileset>
  </level>
  <level name="c4c-2" reverse="False" secret="False">
    <tileset>
      <default>
				palette 21
				music [retro/dante_intro.ogg, retro/dante_loop.ogg]
			</default>
    </tileset>
  </level>
  <level name="c4c-3" reverse="False" secret="False">
    <tileset>
      <default>
				palette 21
				music [retro/dante_intro.ogg, retro/dante_loop.ogg]
			</default>
    </tileset>
  </level>
  <level name="c4c-4" reverse="False" secret="False">
    <tileset>
      <default>
				palette 21
				music [retro/dante_intro.ogg, retro/dante_loop.ogg]
			</default>
    </tileset>
  </level>
  <level name="c4c-5" reverse="False" secret="False">
    <tileset>
      <default>
				palette 21
				music [retro/dante_intro.ogg, retro/dante_loop.ogg]
			</default>
    </tileset>
  </level>
  <level name="c4c-6" reverse="False" secret="False">
    <tileset>
      <default>
				palette 21
				music [retro/dante_intro.ogg, retro/dante_loop.ogg]
			</default>
    </tileset>
  </level>
  <level name="c4c-7" reverse="False" secret="False">
    <tileset>
      <default>
				palette 21
				music [retro/dante_intro.ogg, retro/dante_loop.ogg]
			</default>
    </tileset>
  </level>
  <level name="c4c-8" reverse="False" secret="False">
    <tileset>
      <default>
				palette 21
				music [retro/dante_intro.ogg, retro/dante_loop.ogg]
			</default>
    </tileset>
  </level>
  <level name="c4c-9" reverse="False" secret="False">
    <tileset>
      <default>
				palette 21
				music [retro/dante_intro.ogg, retro/dante_loop.ogg]
			</default>
    </tileset>
  </level>
  <level name="c5a-1" reverse="False" secret="False">
    <tileset>
      <default>
				palette 23
				music [retro/slave_intro.ogg, retro/slave_loop.ogg]
			</default>
    </tileset>
  </level>
  <level name="c5a-10" reverse="False" secret="False">
    <tileset>
      <default>
				palette 23
				music [retro/slave_intro.ogg, retro/slave_loop.ogg]
			</default>
    </tileset>
  </level>
  <level name="c5a-2" reverse="False" secret="False">
    <tileset>
      <default>
				palette 23
				music [retro/slave_intro.ogg, retro/slave_loop.ogg]
			</default>
    </tileset>
  </level>
  <level name="c5a-3" reverse="False" secret="False">
    <tileset>
      <default>
				palette 23
				music [retro/slave_intro.ogg, retro/slave_loop.ogg]
			</default>
    </tileset>
  </level>
  <level name="c5a-4" reverse="False" secret="False">
    <tileset>
      <default>
				palette 23
				music [retro/slave_intro.ogg, retro/slave_loop.ogg]
			</default>
    </tileset>
  </level>
  <level name="c5a-5" reverse="False" secret="False">
    <tileset>
      <default>
				palette 23
				music [retro/slave_intro.ogg, retro/slave_loop.ogg]
			</default>
    </tileset>
  </level>
  <level name="c5a-6" reverse="False" secret="False">
    <tileset>
      <default>
				palette 23
				music [retro/slave_intro.ogg, retro/slave_loop.ogg]
			</default>
    </tileset>
  </level>
  <level name="c5a-7" reverse="False" secret="False">
    <tileset>
      <default>
				palette 23
				music [retro/slave_intro.ogg, retro/slave_loop.ogg]
			</default>
    </tileset>
  </level>
  <level name="c5a-8" reverse="False" secret="False">
    <tileset>
      <default>
				palette 23
				music [retro/slave_intro.ogg, retro/slave_loop.ogg]
			</default>
    </tileset>
  </level>
  <level name="c5a-9" reverse="False" secret="False">
    <tileset>
      <default>
				palette 23
				music [retro/slave_intro.ogg, retro/slave_loop.ogg]
			</default>
    </tileset>
  </level>
  <level name="c5b-1" reverse="False" secret="False">
    <tileset>
      <default>
				palette 24
				music [retro/bumblebee_intro.ogg, retro/bumblebee_loop.ogg]
			</default>
    </tileset>
  </level>
  <level name="c5b-10" reverse="False" secret="False">
    <tileset>
      <default>
				palette 24
				music [retro/bumblebee_intro.ogg, retro/bumblebee_loop.ogg]
			</default>
    </tileset>
  </level>
  <level name="c5b-2" reverse="False" secret="False">
    <tileset>
      <default>
				palette 24
				music [retro/bumblebee_intro.ogg, retro/bumblebee_loop.ogg]
			</default>
    </tileset>
  </level>
  <level name="c5b-3" reverse="False" secret="False">
    <tileset>
      <default>
				palette 24
				music [retro/bumblebee_intro.ogg, retro/bumblebee_loop.ogg]
			</default>
    </tileset>
  </level>
  <level name="c5b-4" reverse="False" secret="False">
    <tileset>
      <default>
				palette 24
				music [retro/bumblebee_intro.ogg, retro/bumblebee_loop.ogg]
			</default>
    </tileset>
  </level>
  <level name="c5b-5" reverse="False" secret="False">
    <tileset>
      <default>
				palette 24
				music [retro/bumblebee_intro.ogg, retro/bumblebee_loop.ogg]
			</default>
    </tileset>
  </level>
  <level name="c5b-6" reverse="False" secret="False">
    <tileset>
      <default>
				palette 24
				music [retro/bumblebee_intro.ogg, retro/bumblebee_loop.ogg]
			</default>
    </tileset>
  </level>
  <level name="c5b-7" reverse="False" secret="False">
    <tileset>
      <default>
				palette 24
				music [retro/bumblebee_intro.ogg, retro/bumblebee_loop.ogg]
			</default>
    </tileset>
  </level>
  <level name="c5b-8" reverse="False" secret="False">
    <tileset>
      <default>
				palette 24
				music [retro/bumblebee_intro.ogg, retro/bumblebee_loop.ogg]
			</default>
    </tileset>
  </level>
  <level name="c5b-9" reverse="False" secret="False">
    <tileset>
      <default>
				palette 24
				music [retro/bumblebee_intro.ogg, retro/bumblebee_loop.ogg]
			</default>
    </tileset>
  </level>
  <level name="c5c-1" reverse="False" secret="False">
    <tileset>
      <default>
				palette 25
				music [retro/hell_intro.ogg, retro/hell_loop.ogg]
			</default>
    </tileset>
  </level>
  <level name="c5c-10" reverse="False" secret="False">
    <tileset>
      <default>
				palette 25
				music [retro/hell_intro.ogg, retro/hell_loop.ogg]
			</default>
    </tileset>
  </level>
  <level name="c5c-2" reverse="False" secret="False">
    <tileset>
      <default>
				palette 25
				music [retro/hell_intro.ogg, retro/hell_loop.ogg]
			</default>
    </tileset>
  </level>
  <level name="c5c-3" reverse="False" secret="False">
    <tileset>
      <default>
				palette 25
				music [retro/hell_intro.ogg, retro/hell_loop.ogg]
			</default>
    </tileset>
  </level>
  <level name="c5c-4" reverse="False" secret="False">
    <tileset>
      <default>
				palette 25
				music [retro/hell_intro.ogg, retro/hell_loop.ogg]
			</default>
    </tileset>
  </level>
  <level name="c5c-5" reverse="False" secret="False">
    <tileset>
      <default>
				palette 25
				music [retro/hell_intro.ogg, retro/hell_loop.ogg]
			</default>
    </tileset>
  </level>
  <level name="c5c-6" reverse="False" secret="False">
    <tileset>
      <default>
				palette 25
				music [retro/hell_intro.ogg, retro/hell_loop.ogg]
			</default>
    </tileset>
  </level>
  <level name="c5c-7" reverse="False" secret="False">
    <tileset>
      <default>
				palette 25
				music [retro/hell_intro.ogg, retro/hell_loop.ogg]
			</default>
    </tileset>
  </level>
  <level name="c5c-8" reverse="False" secret="False">
    <tileset>
      <default>
				palette 25
				music [retro/hell_intro.ogg, retro/hell_loop.ogg]
			</default>
    </tileset>
  </level>
  <level name="c5c-9" reverse="False" secret="False">
    <tileset>
      <default>
				palette 25
				music [retro/hell_intro.ogg, retro/hell_loop.ogg]
			</default>
    </tileset>
  </level>
  <level name="c6-1" reverse="False" secret="False">
    <tileset>
      <default>
				palette 26
				music [retro/beeth5_intro.ogg, retro/beeth5_loop.ogg]
			</default>
    </tileset>
  </level>
  <level name="c6-10" reverse="False" secret="False">
    <tileset>
      <default>
				palette 26
				music [retro/beeth5_intro.ogg, retro/beeth5_loop.ogg]
			</default>
    </tileset>
  </level>
  <level name="c6-2" reverse="False" secret="False">
    <tileset>
      <default>
				palette 26
				music [retro/beeth5_intro.ogg, retro/beeth5_loop.ogg]
			</default>
    </tileset>
  </level>
  <level name="c6-3" reverse="False" secret="False">
    <tileset>
      <default>
				palette 26
				music [retro/beeth5_intro.ogg, retro/beeth5_loop.ogg]
			</default>
    </tileset>
  </level>
  <level name="c6-4" reverse="False" secret="False">
    <tileset>
      <default>
				palette 26
				music [retro/beeth5_intro.ogg, retro/beeth5_loop.ogg]
			</default>
    </tileset>
  </level>
  <level name="c6-5" reverse="False" secret="False">
    <tileset>
      <default>
				palette 26
				music [retro/beeth5_intro.ogg, retro/beeth5_loop.ogg]
			</default>
    </tileset>
  </level>
  <level name="c6-6" reverse="False" secret="False">
    <tileset>
      <default>
				palette 26
				music [retro/beeth5_intro.ogg, retro/beeth5_loop.ogg]
			</default>
    </tileset>
  </level>
  <level name="c6-7" reverse="False" secret="False">
    <tileset>
      <default>
				palette 26
				music [retro/beeth5_intro.ogg, retro/beeth5_loop.ogg]
			</default>
    </tileset>
  </level>
  <level name="c6-8" reverse="False" secret="False">
    <tileset>
      <default>
				palette 26
				music [retro/beeth5_intro.ogg, retro/beeth5_loop.ogg]
			</default>
    </tileset>
  </level>
  <level name="c6-9" reverse="False" secret="False">
    <tileset>
      <default>
				palette 26
				music [retro/beeth5_intro.ogg, retro/beeth5_loop.ogg]
			</default>
    </tileset>
  </level>
</pool>