﻿<?xml version="1.0" encoding="utf-8"?>
<pool enabled="True" source="The End is Nigh" author="" order="8">
  <tileset>
    <default>
		tile_graphics Tiletox2
		overlay_graphics Overlaystox2
		background_graphics Background
		foreground_graphics None
		fx_shader sludgeripples
		palette 6
		global_particle_1 cold
		global_particle_2 mist2
		global_particle_3 none
		fx_shader_mid lighting
		midfx_graphics ShadeBox
		midfx_layer 2
		music [dante_intro.ogg, dante_loop.ogg]
		ambience caves.ogg
	</default>
    <need>
		decoration_1 Deco10
		decoration_2 Deco11
	</need>
  </tileset>
  <level name="4c-4" reverse="False" secret="False" />
  <level name="4c-5" reverse="False" secret="False" />
  <level name="4c-6" reverse="False" secret="False" />
  <level name="4c-7" reverse="False" secret="False" />
  <level name="4c-8" reverse="False" secret="False" />
  <level name="4c-9" reverse="False" secret="False" />
  <level name="4c-10" reverse="False" secret="False" />
  <level name="4c-11" reverse="False" secret="False" />
  <level name="4c-12" reverse="False" secret="False" />
  <level name="4c-13" reverse="False" secret="False" />
  <level name="4c-14" reverse="False" secret="False" />
</pool>