﻿<?xml version="1.0" encoding="utf-8"?>
<pool enabled="True" source="The End is Nigh" author="" order="2">
  <tileset>
    <default>
		tile_graphics Tilefield
		overlay_graphics Overlaysfield
		background_graphics ch2bg
		foreground_graphics none
		fx_shader ripples
		fx_shader_mid heatwave2
		midfx_graphics SolidBox
		palette 2
		global_particle_1 leaves
		global_particle_2 none
		global_particle_3 cloudwind_light
		decoration_1 Decoration9
		music [newworld_intro.ogg, newworld_loop.ogg]
		ambience wind.ogg
	</default>
    <need>
		tile_particle_1 dust
	</need>
  </tileset>
  <level name="2-0" reverse="False" secret="False" />
  <level name="2-1" reverse="False" secret="False" />
  <level name="2-2" reverse="False" secret="False" />
  <level name="2-3" reverse="False" secret="False" />
  <level name="2-4" reverse="False" secret="False" />
  <level name="2-5" reverse="False" secret="False" />
  <level name="2-6" reverse="False" secret="False" />
  <level name="2-7" reverse="False" secret="False" />
  <level name="2-8" reverse="False" secret="False" />
  <level name="2-9" reverse="False" secret="False" />
  <level name="2-10" reverse="False" secret="False" />
  <level name="2-11" reverse="False" secret="False" />
  <level name="2-12" reverse="False" secret="False" />
  <level name="2-13" reverse="False" secret="False" />
  <level name="2-14" reverse="False" secret="False" />
  <level name="2-15" reverse="False" secret="False" />
  <level name="2-16" reverse="False" secret="False" />
  <level name="2-17" reverse="False" secret="False" />
  <level name="2-18" reverse="False" secret="False" />
  <level name="2-19" reverse="False" secret="False" />
</pool>